TimeoutExpired

full-snapshot-candidate:0: set qe to end of content of text object of boundDoc
full-snapshot-candidate:1: set qp to create range boundDoc start 0 end qualityPoint
full-snapshot-candidate:2: set qs to create range boundDoc start (qualityPoint + qualityDelta) end qe
full-snapshot-candidate:3: set recoveryTask to current application's NSTask's alloc()'s init()
full-snapshot-candidate:4: recoveryTask's setLaunchPath:"/usr/bin/shasum"
full-snapshot-candidate:5: recoveryTask's setArguments:{"-a", "256"}
full-snapshot-candidate:6: set recoveryInput to current application's NSPipe's pipe()
full-snapshot-candidate:7: set recoveryOutput to current application's NSPipe's pipe()
full-snapshot-candidate:8: recoveryTask's setStandardInput:recoveryInput
full-snapshot-candidate:9: recoveryTask's setStandardOutput:recoveryOutput
full-snapshot-candidate:10: recoveryTask's setStandardError:(current application's NSFileHandle's fileHandleWithNullDevice())
full-snapshot-candidate:11: set recoveryData to (current application's NSString's stringWithString:(content of qp as text))'s dataUsingEncoding:4
full-snapshot-candidate:12: recoveryTask's |launch|()
full-snapshot-candidate:13: (recoveryInput's fileHandleForWriting())'s writeData:recoveryData
full-snapshot-candidate:14: (recoveryInput's fileHandleForWriting())'s closeFile()
full-snapshot-candidate:15: set recoveryDigestData to (recoveryOutput's fileHandleForReading())'s readDataToEndOfFile()
full-snapshot-candidate:16: recoveryTask's waitUntilExit()
full-snapshot-candidate:17: if (recoveryTask's terminationStatus() as integer) is not 0 then error "WPSC_CHECKPOINT_HASH_FAILED"
full-snapshot-candidate:18: set recoveryDigestText to (current application's NSString's alloc()'s initWithData:recoveryDigestData |encoding|:4) as text
full-snapshot-candidate:19: if (length of recoveryDigestText) is not 68 then error "WPSC_CHECKPOINT_HASH_FAILED"
full-snapshot-candidate:20: if text 65 thru 68 of recoveryDigestText is not "  -" & linefeed then error "WPSC_CHECKPOINT_HASH_FAILED"
full-snapshot-candidate:21: set qualityPrefixHash to text 1 thru 64 of recoveryDigestText
full-snapshot-candidate:22: set recoveryTask to current application's NSTask's alloc()'s init()
full-snapshot-candidate:23: recoveryTask's setLaunchPath:"/usr/bin/shasum"
full-snapshot-candidate:24: recoveryTask's setArguments:{"-a", "256"}
full-snapshot-candidate:25: set recoveryInput to current application's NSPipe's pipe()
full-snapshot-candidate:26: set recoveryOutput to current application's NSPipe's pipe()
full-snapshot-candidate:27: recoveryTask's setStandardInput:recoveryInput
full-snapshot-candidate:28: recoveryTask's setStandardOutput:recoveryOutput
full-snapshot-candidate:29: recoveryTask's setStandardError:(current application's NSFileHandle's fileHandleWithNullDevice())
full-snapshot-candidate:30: set recoveryData to (current application's NSString's stringWithString:(content of qs as text))'s dataUsingEncoding:4
full-snapshot-candidate:31: recoveryTask's |launch|()
full-snapshot-candidate:32: (recoveryInput's fileHandleForWriting())'s writeData:recoveryData
full-snapshot-candidate:33: (recoveryInput's fileHandleForWriting())'s closeFile()
full-snapshot-candidate:34: set recoveryDigestData to (recoveryOutput's fileHandleForReading())'s readDataToEndOfFile()
full-snapshot-candidate:35: recoveryTask's waitUntilExit()
full-snapshot-candidate:36: if (recoveryTask's terminationStatus() as integer) is not 0 then error "WPSC_CHECKPOINT_HASH_FAILED"
full-snapshot-candidate:37: set recoveryDigestText to (current application's NSString's alloc()'s initWithData:recoveryDigestData |encoding|:4) as text
full-snapshot-candidate:38: if (length of recoveryDigestText) is not 68 then error "WPSC_CHECKPOINT_HASH_FAILED"
full-snapshot-candidate:39: if text 65 thru 68 of recoveryDigestText is not "  -" & linefeed then error "WPSC_CHECKPOINT_HASH_FAILED"
full-snapshot-candidate:40: set qualitySuffixHash to text 1 thru 64 of recoveryDigestText
full-snapshot-candidate:41: set qualityState to {{"quality-state",qe - qualityDelta,qualityPrefixHash,qualitySuffixHash}}
full-snapshot-candidate:42: set qualityLayout to {}
full-snapshot-candidate:43: repeat with qi from 1 to count sections of boundDoc
full-snapshot-candidate:44: set qsection to section qi of boundDoc
full-snapshot-candidate:45: set qsetup to page setup of qsection
full-snapshot-candidate:46: set end of qualityLayout to {"section",qi as integer,orientation of qsetup as text,page width of qsetup,page height of qsetup,top margin of 
full-snapshot-candidate:47: repeat with qindex in {header footer primary,header footer first page,header footer even pages}
full-snapshot-candidate:48: set qheader to get header qsection index qindex
full-snapshot-candidate:49: set qfooter to get footer qsection index qindex
full-snapshot-candidate:50: repeat with qpart in {qheader,qfooter}
full-snapshot-candidate:51: if (count shapes of qpart) is not 0 then error "WPSC_QUALITY_DRAWING_UNVERIFIED"
full-snapshot-candidate:52: set end of qualityLayout to {"page-part-metadata",qi as integer,header footer index of qpart as text,is header of qpart as boolean,link to p
full-snapshot-candidate:51: if (count shapes of qpart) is not 0 then error "WPSC_QUALITY_DRAWING_UNVERIFIED"
full-snapshot-candidate:52: set end of qualityLayout to {"page-part-metadata",qi as integer,header footer index of qpart as text,is header of qpart as boolean,link to p
full-snapshot-candidate:48: set qheader to get header qsection index qindex
full-snapshot-candidate:49: set qfooter to get footer qsection index qindex
full-snapshot-candidate:50: repeat with qpart in {qheader,qfooter}
full-snapshot-candidate:51: if (count shapes of qpart) is not 0 then error "WPSC_QUALITY_DRAWING_UNVERIFIED"
full-snapshot-candidate:52: set end of qualityLayout to {"page-part-metadata",qi as integer,header footer index of qpart as text,is header of qpart as boolean,link to p
full-snapshot-candidate:51: if (count shapes of qpart) is not 0 then error "WPSC_QUALITY_DRAWING_UNVERIFIED"
full-snapshot-candidate:52: set end of qualityLayout to {"page-part-metadata",qi as integer,header footer index of qpart as text,is header of qpart as boolean,link to p
full-snapshot-candidate:48: set qheader to get header qsection index qindex
full-snapshot-candidate:49: set qfooter to get footer qsection index qindex
full-snapshot-candidate:50: repeat with qpart in {qheader,qfooter}
full-snapshot-candidate:51: if (count shapes of qpart) is not 0 then error "WPSC_QUALITY_DRAWING_UNVERIFIED"
full-snapshot-candidate:52: set end of qualityLayout to {"page-part-metadata",qi as integer,header footer index of qpart as text,is header of qpart as boolean,link to p
full-snapshot-candidate:51: if (count shapes of qpart) is not 0 then error "WPSC_QUALITY_DRAWING_UNVERIFIED"
full-snapshot-candidate:52: set end of qualityLayout to {"page-part-metadata",qi as integer,header footer index of qpart as text,is header of qpart as boolean,link to p
full-snapshot-candidate:56: set probeStoryRange to missing value
full-snapshot-candidate:57: set probeStoryAvailable to false
full-snapshot-candidate:58: try
full-snapshot-candidate:59: set probeStoryRange to get story range boundDoc story type primary header story
full-snapshot-candidate:63: try
full-snapshot-candidate:64: set probeStoryAvailable to (probeStoryRange is not missing value)
full-snapshot-candidate:68: set end of qualityLayout to {"page-story-available","primary header",probeStoryAvailable as boolean}
full-snapshot-candidate:69: set probeStoryOrdinal to 0
full-snapshot-candidate:70: repeat while probeStoryAvailable
full-snapshot-candidate:71: set probeStoryOrdinal to probeStoryOrdinal + 1
full-snapshot-candidate:72: if probeStoryOrdinal > 10000 then error "WPSC_STORY_CHAIN_INVALID"
full-snapshot-candidate:73: set end of qualityLayout to {"page-story","primary header",probeStoryOrdinal as integer,content of probeStoryRange as text}
full-snapshot-candidate:74: repeat with probePageFieldOrdinal from 1 to count fields of probeStoryRange
full-snapshot-candidate:78: set probeStoryAvailable to false
full-snapshot-candidate:79: try
full-snapshot-candidate:80: set probeStoryRange to next story range of probeStoryRange
full-snapshot-candidate:84: try
full-snapshot-candidate:85: set probeStoryAvailable to (probeStoryRange is not missing value)
full-snapshot-candidate:87: if probeStoryNumber is not -2753 then error probeStoryError number probeStoryNumber
full-snapshot-candidate:90: set probeStoryRange to missing value
full-snapshot-candidate:91: set probeStoryAvailable to false
full-snapshot-candidate:92: try
full-snapshot-candidate:93: set probeStoryRange to get story range boundDoc story type primary footer story
full-snapshot-candidate:97: try
full-snapshot-candidate:98: set probeStoryAvailable to (probeStoryRange is not missing value)
full-snapshot-candidate:102: set end of qualityLayout to {"page-story-available","primary footer",probeStoryAvailable as boolean}
full-snapshot-candidate:103: set probeStoryOrdinal to 0
full-snapshot-candidate:104: repeat while probeStoryAvailable
full-snapshot-candidate:105: set probeStoryOrdinal to probeStoryOrdinal + 1
full-snapshot-candidate:106: if probeStoryOrdinal > 10000 then error "WPSC_STORY_CHAIN_INVALID"
full-snapshot-candidate:107: set end of qualityLayout to {"page-story","primary footer",probeStoryOrdinal as integer,content of probeStoryRange as text}
full-snapshot-candidate:108: repeat with probePageFieldOrdinal from 1 to count fields of probeStoryRange
full-snapshot-candidate:112: set probeStoryAvailable to false
full-snapshot-candidate:113: try
full-snapshot-candidate:114: set probeStoryRange to next story range of probeStoryRange
full-snapshot-candidate:118: try
full-snapshot-candidate:119: set probeStoryAvailable to (probeStoryRange is not missing value)
full-snapshot-candidate:121: if probeStoryNumber is not -2753 then error probeStoryError number probeStoryNumber
full-snapshot-candidate:124: set probeStoryRange to missing value
full-snapshot-candidate:125: set probeStoryAvailable to false
full-snapshot-candidate:126: try
full-snapshot-candidate:127: set probeStoryRange to get story range boundDoc story type first page header story
full-snapshot-candidate:131: try
full-snapshot-candidate:132: set probeStoryAvailable to (probeStoryRange is not missing value)
full-snapshot-candidate:136: set end of qualityLayout to {"page-story-available","first page header",probeStoryAvailable as boolean}
full-snapshot-candidate:137: set probeStoryOrdinal to 0
full-snapshot-candidate:138: repeat while probeStoryAvailable
full-snapshot-candidate:139: set probeStoryOrdinal to probeStoryOrdinal + 1
full-snapshot-candidate:140: if probeStoryOrdinal > 10000 then error "WPSC_STORY_CHAIN_INVALID"
full-snapshot-candidate:141: set end of qualityLayout to {"page-story","first page header",probeStoryOrdinal as integer,content of probeStoryRange as text}
full-snapshot-candidate:142: repeat with probePageFieldOrdinal from 1 to count fields of probeStoryRange
full-snapshot-candidate:146: set probeStoryAvailable to false
full-snapshot-candidate:147: try
full-snapshot-candidate:148: set probeStoryRange to next story range of probeStoryRange
full-snapshot-candidate:152: try
full-snapshot-candidate:153: set probeStoryAvailable to (probeStoryRange is not missing value)
full-snapshot-candidate:155: if probeStoryNumber is not -2753 then error probeStoryError number probeStoryNumber
full-snapshot-candidate:158: set probeStoryRange to missing value
full-snapshot-candidate:159: set probeStoryAvailable to false
full-snapshot-candidate:160: try
full-snapshot-candidate:161: set probeStoryRange to get story range boundDoc story type first page footer story
full-snapshot-candidate:165: try
full-snapshot-candidate:166: set probeStoryAvailable to (probeStoryRange is not missing value)
full-snapshot-candidate:170: set end of qualityLayout to {"page-story-available","first page footer",probeStoryAvailable as boolean}
full-snapshot-candidate:171: set probeStoryOrdinal to 0
full-snapshot-candidate:172: repeat while probeStoryAvailable
full-snapshot-candidate:173: set probeStoryOrdinal to probeStoryOrdinal + 1
full-snapshot-candidate:174: if probeStoryOrdinal > 10000 then error "WPSC_STORY_CHAIN_INVALID"
full-snapshot-candidate:175: set end of qualityLayout to {"page-story","first page footer",probeStoryOrdinal as integer,content of probeStoryRange as text}
full-snapshot-candidate:176: repeat with probePageFieldOrdinal from 1 to count fields of probeStoryRange
full-snapshot-candidate:180: set probeStoryAvailable to false
full-snapshot-candidate:181: try
full-snapshot-candidate:182: set probeStoryRange to next story range of probeStoryRange
full-snapshot-candidate:186: try
full-snapshot-candidate:187: set probeStoryAvailable to (probeStoryRange is not missing value)
full-snapshot-candidate:189: if probeStoryNumber is not -2753 then error probeStoryError number probeStoryNumber
full-snapshot-candidate:192: set probeStoryRange to missing value
full-snapshot-candidate:193: set probeStoryAvailable to false
full-snapshot-candidate:194: try
full-snapshot-candidate:195: set probeStoryRange to get story range boundDoc story type even pages header story
full-snapshot-candidate:199: try
full-snapshot-candidate:200: set probeStoryAvailable to (probeStoryRange is not missing value)
full-snapshot-candidate:204: set end of qualityLayout to {"page-story-available","even pages header",probeStoryAvailable as boolean}
full-snapshot-candidate:205: set probeStoryOrdinal to 0
full-snapshot-candidate:206: repeat while probeStoryAvailable
full-snapshot-candidate:207: set probeStoryOrdinal to probeStoryOrdinal + 1
full-snapshot-candidate:208: if probeStoryOrdinal > 10000 then error "WPSC_STORY_CHAIN_INVALID"
full-snapshot-candidate:209: set end of qualityLayout to {"page-story","even pages header",probeStoryOrdinal as integer,content of probeStoryRange as text}
full-snapshot-candidate:210: repeat with probePageFieldOrdinal from 1 to count fields of probeStoryRange
full-snapshot-candidate:214: set probeStoryAvailable to false
full-snapshot-candidate:215: try
full-snapshot-candidate:216: set probeStoryRange to next story range of probeStoryRange
full-snapshot-candidate:220: try
full-snapshot-candidate:221: set probeStoryAvailable to (probeStoryRange is not missing value)
full-snapshot-candidate:223: if probeStoryNumber is not -2753 then error probeStoryError number probeStoryNumber
full-snapshot-candidate:226: set probeStoryRange to missing value
full-snapshot-candidate:227: set probeStoryAvailable to false
full-snapshot-candidate:228: try
full-snapshot-candidate:229: set probeStoryRange to get story range boundDoc story type even pages footer story
full-snapshot-candidate:233: try
full-snapshot-candidate:234: set probeStoryAvailable to (probeStoryRange is not missing value)
full-snapshot-candidate:238: set end of qualityLayout to {"page-story-available","even pages footer",probeStoryAvailable as boolean}
full-snapshot-candidate:239: set probeStoryOrdinal to 0
full-snapshot-candidate:240: repeat while probeStoryAvailable
full-snapshot-candidate:241: set probeStoryOrdinal to probeStoryOrdinal + 1
full-snapshot-candidate:242: if probeStoryOrdinal > 10000 then error "WPSC_STORY_CHAIN_INVALID"
full-snapshot-candidate:243: set end of qualityLayout to {"page-story","even pages footer",probeStoryOrdinal as integer,content of probeStoryRange as text}
full-snapshot-candidate:244: repeat with probePageFieldOrdinal from 1 to count fields of probeStoryRange
full-snapshot-candidate:248: set probeStoryAvailable to false
full-snapshot-candidate:249: try
full-snapshot-candidate:250: set probeStoryRange to next story range of probeStoryRange
full-snapshot-candidate:254: try
full-snapshot-candidate:255: set probeStoryAvailable to (probeStoryRange is not missing value)
full-snapshot-candidate:257: if probeStoryNumber is not -2753 then error probeStoryError number probeStoryNumber
full-snapshot-candidate:260: repeat with qi from 1 to count list templates of boundDoc
full-snapshot-candidate:267: set qualityStyleNames to get name local of every Word style of boundDoc
full-snapshot-candidate:268: set qualityStyleInUseFlags to get in use of every Word style of boundDoc
full-snapshot-candidate:269: set qualityStyleBuiltinFlags to get built in of every Word style of boundDoc
full-snapshot-candidate:270: if (count qualityStyleNames) is not (count qualityStyleInUseFlags) or (count qualityStyleNames) is not (count qualityStyleBuiltinFlags) then
full-snapshot-candidate:271: repeat with qualityStyleOrdinal from 1 to count qualityStyleNames
full-snapshot-candidate:272: set qualityStyleCurrentName to item qualityStyleOrdinal of qualityStyleNames as text
full-snapshot-candidate:273: set qualityStyleIsInUse to item qualityStyleOrdinal of qualityStyleInUseFlags
full-snapshot-candidate:274: set qualityStyleIsBuiltin to item qualityStyleOrdinal of qualityStyleBuiltinFlags
full-snapshot-candidate:275: set end of qualityLayout to {"style-state",qualityStyleCurrentName,qualityStyleIsInUse,qualityStyleIsBuiltin}
full-snapshot-candidate:276: if qualityStyleIsInUse or not qualityStyleIsBuiltin then
full-snapshot-candidate:272: set qualityStyleCurrentName to item qualityStyleOrdinal of qualityStyleNames as text
full-snapshot-candidate:273: set qualityStyleIsInUse to item qualityStyleOrdinal of qualityStyleInUseFlags
full-snapshot-candidate:274: set qualityStyleIsBuiltin to item qualityStyleOrdinal of qualityStyleBuiltinFlags
full-snapshot-candidate:275: set end of qualityLayout to {"style-state",qualityStyleCurrentName,qualityStyleIsInUse,qualityStyleIsBuiltin}
full-snapshot-candidate:276: if qualityStyleIsInUse or not qualityStyleIsBuiltin then
full-snapshot-candidate:272: set qualityStyleCurrentName to item qualityStyleOrdinal of qualityStyleNames as text
full-snapshot-candidate:273: set qualityStyleIsInUse to item qualityStyleOrdinal of qualityStyleInUseFlags
full-snapshot-candidate:274: set qualityStyleIsBuiltin to item qualityStyleOrdinal of qualityStyleBuiltinFlags
full-snapshot-candidate:275: set end of qualityLayout to {"style-state",qualityStyleCurrentName,qualityStyleIsInUse,qualityStyleIsBuiltin}
full-snapshot-candidate:276: if qualityStyleIsInUse or not qualityStyleIsBuiltin then
full-snapshot-candidate:272: set qualityStyleCurrentName to item qualityStyleOrdinal of qualityStyleNames as text
full-snapshot-candidate:273: set qualityStyleIsInUse to item qualityStyleOrdinal of qualityStyleInUseFlags
full-snapshot-candidate:274: set qualityStyleIsBuiltin to item qualityStyleOrdinal of qualityStyleBuiltinFlags
full-snapshot-candidate:275: set end of qualityLayout to {"style-state",qualityStyleCurrentName,qualityStyleIsInUse,qualityStyleIsBuiltin}
full-snapshot-candidate:276: if qualityStyleIsInUse or not qualityStyleIsBuiltin then
full-snapshot-candidate:272: set qualityStyleCurrentName to item qualityStyleOrdinal of qualityStyleNames as text
full-snapshot-candidate:273: set qualityStyleIsInUse to item qualityStyleOrdinal of qualityStyleInUseFlags
full-snapshot-candidate:274: set qualityStyleIsBuiltin to item qualityStyleOrdinal of qualityStyleBuiltinFlags
full-snapshot-candidate:275: set end of qualityLayout to {"style-state",qualityStyleCurrentName,qualityStyleIsInUse,qualityStyleIsBuiltin}
full-snapshot-candidate:276: if qualityStyleIsInUse or not qualityStyleIsBuiltin then
full-snapshot-candidate:272: set qualityStyleCurrentName to item qualityStyleOrdinal of qualityStyleNames as text
full-snapshot-candidate:273: set qualityStyleIsInUse to item qualityStyleOrdinal of qualityStyleInUseFlags
full-snapshot-candidate:274: set qualityStyleIsBuiltin to item qualityStyleOrdinal of qualityStyleBuiltinFlags
full-snapshot-candidate:275: set end of qualityLayout to {"style-state",qualityStyleCurrentName,qualityStyleIsInUse,qualityStyleIsBuiltin}
full-snapshot-candidate:276: if qualityStyleIsInUse or not qualityStyleIsBuiltin then
full-snapshot-candidate:272: set qualityStyleCurrentName to item qualityStyleOrdinal of qualityStyleNames as text
full-snapshot-candidate:273: set qualityStyleIsInUse to item qualityStyleOrdinal of qualityStyleInUseFlags
full-snapshot-candidate:274: set qualityStyleIsBuiltin to item qualityStyleOrdinal of qualityStyleBuiltinFlags
full-snapshot-candidate:275: set end of qualityLayout to {"style-state",qualityStyleCurrentName,qualityStyleIsInUse,qualityStyleIsBuiltin}
full-snapshot-candidate:276: if qualityStyleIsInUse or not qualityStyleIsBuiltin then
full-snapshot-candidate:272: set qualityStyleCurrentName to item qualityStyleOrdinal of qualityStyleNames as text
full-snapshot-candidate:273: set qualityStyleIsInUse to item qualityStyleOrdinal of qualityStyleInUseFlags
full-snapshot-candidate:274: set qualityStyleIsBuiltin to item qualityStyleOrdinal of qualityStyleBuiltinFlags
full-snapshot-candidate:275: set end of qualityLayout to {"style-state",qualityStyleCurrentName,qualityStyleIsInUse,qualityStyleIsBuiltin}
full-snapshot-candidate:276: if qualityStyleIsInUse or not qualityStyleIsBuiltin then
full-snapshot-candidate:272: set qualityStyleCurrentName to item qualityStyleOrdinal of qualityStyleNames as text
full-snapshot-candidate:273: set qualityStyleIsInUse to item qualityStyleOrdinal of qualityStyleInUseFlags
full-snapshot-candidate:274: set qualityStyleIsBuiltin to item qualityStyleOrdinal of qualityStyleBuiltinFlags
full-snapshot-candidate:275: set end of qualityLayout to {"style-state",qualityStyleCurrentName,qualityStyleIsInUse,qualityStyleIsBuiltin}
full-snapshot-candidate:276: if qualityStyleIsInUse or not qualityStyleIsBuiltin then
full-snapshot-candidate:272: set qualityStyleCurrentName to item qualityStyleOrdinal of qualityStyleNames as text
full-snapshot-candidate:273: set qualityStyleIsInUse to item qualityStyleOrdinal of qualityStyleInUseFlags
full-snapshot-candidate:274: set qualityStyleIsBuiltin to item qualityStyleOrdinal of qualityStyleBuiltinFlags
full-snapshot-candidate:275: set end of qualityLayout to {"style-state",qualityStyleCurrentName,qualityStyleIsInUse,qualityStyleIsBuiltin}
full-snapshot-candidate:276: if qualityStyleIsInUse or not qualityStyleIsBuiltin then
full-snapshot-candidate:272: set qualityStyleCurrentName to item qualityStyleOrdinal of qualityStyleNames as text
full-snapshot-candidate:273: set qualityStyleIsInUse to item qualityStyleOrdinal of qualityStyleInUseFlags
full-snapshot-candidate:274: set qualityStyleIsBuiltin to item qualityStyleOrdinal of qualityStyleBuiltinFlags
full-snapshot-candidate:275: set end of qualityLayout to {"style-state",qualityStyleCurrentName,qualityStyleIsInUse,qualityStyleIsBuiltin}
full-snapshot-candidate:276: if qualityStyleIsInUse or not qualityStyleIsBuiltin then
full-snapshot-candidate:272: set qualityStyleCurrentName to item qualityStyleOrdinal of qualityStyleNames as text
full-snapshot-candidate:273: set qualityStyleIsInUse to item qualityStyleOrdinal of qualityStyleInUseFlags
full-snapshot-candidate:274: set qualityStyleIsBuiltin to item qualityStyleOrdinal of qualityStyleBuiltinFlags
full-snapshot-candidate:275: set end of qualityLayout to {"style-state",qualityStyleCurrentName,qualityStyleIsInUse,qualityStyleIsBuiltin}
full-snapshot-candidate:276: if qualityStyleIsInUse or not qualityStyleIsBuiltin then
full-snapshot-candidate:272: set qualityStyleCurrentName to item qualityStyleOrdinal of qualityStyleNames as text
full-snapshot-candidate:273: set qualityStyleIsInUse to item qualityStyleOrdinal of qualityStyleInUseFlags
full-snapshot-candidate:274: set qualityStyleIsBuiltin to item qualityStyleOrdinal of qualityStyleBuiltinFlags
full-snapshot-candidate:275: set end of qualityLayout to {"style-state",qualityStyleCurrentName,qualityStyleIsInUse,qualityStyleIsBuiltin}
full-snapshot-candidate:276: if qualityStyleIsInUse or not qualityStyleIsBuiltin then
full-snapshot-candidate:272: set qualityStyleCurrentName to item qualityStyleOrdinal of qualityStyleNames as text
full-snapshot-candidate:273: set qualityStyleIsInUse to item qualityStyleOrdinal of qualityStyleInUseFlags
full-snapshot-candidate:274: set qualityStyleIsBuiltin to item qualityStyleOrdinal of qualityStyleBuiltinFlags
full-snapshot-candidate:275: set end of qualityLayout to {"style-state",qualityStyleCurrentName,qualityStyleIsInUse,qualityStyleIsBuiltin}
full-snapshot-candidate:276: if qualityStyleIsInUse or not qualityStyleIsBuiltin then
full-snapshot-candidate:272: set qualityStyleCurrentName to item qualityStyleOrdinal of qualityStyleNames as text
full-snapshot-candidate:273: set qualityStyleIsInUse to item qualityStyleOrdinal of qualityStyleInUseFlags
full-snapshot-candidate:274: set qualityStyleIsBuiltin to item qualityStyleOrdinal of qualityStyleBuiltinFlags
full-snapshot-candidate:275: set end of qualityLayout to {"style-state",qualityStyleCurrentName,qualityStyleIsInUse,qualityStyleIsBuiltin}
full-snapshot-candidate:276: if qualityStyleIsInUse or not qualityStyleIsBuiltin then
full-snapshot-candidate:272: set qualityStyleCurrentName to item qualityStyleOrdinal of qualityStyleNames as text
full-snapshot-candidate:273: set qualityStyleIsInUse to item qualityStyleOrdinal of qualityStyleInUseFlags
full-snapshot-candidate:274: set qualityStyleIsBuiltin to item qualityStyleOrdinal of qualityStyleBuiltinFlags
full-snapshot-candidate:275: set end of qualityLayout to {"style-state",qualityStyleCurrentName,qualityStyleIsInUse,qualityStyleIsBuiltin}
full-snapshot-candidate:276: if qualityStyleIsInUse or not qualityStyleIsBuiltin then
full-snapshot-candidate:272: set qualityStyleCurrentName to item qualityStyleOrdinal of qualityStyleNames as text
full-snapshot-candidate:273: set qualityStyleIsInUse to item qualityStyleOrdinal of qualityStyleInUseFlags
full-snapshot-candidate:274: set qualityStyleIsBuiltin to item qualityStyleOrdinal of qualityStyleBuiltinFlags
full-snapshot-candidate:275: set end of qualityLayout to {"style-state",qualityStyleCurrentName,qualityStyleIsInUse,qualityStyleIsBuiltin}
full-snapshot-candidate:276: if qualityStyleIsInUse or not qualityStyleIsBuiltin then
full-snapshot-candidate:272: set qualityStyleCurrentName to item qualityStyleOrdinal of qualityStyleNames as text
full-snapshot-candidate:273: set qualityStyleIsInUse to item qualityStyleOrdinal of qualityStyleInUseFlags
full-snapshot-candidate:274: set qualityStyleIsBuiltin to item qualityStyleOrdinal of qualityStyleBuiltinFlags
full-snapshot-candidate:275: set end of qualityLayout to {"style-state",qualityStyleCurrentName,qualityStyleIsInUse,qualityStyleIsBuiltin}
full-snapshot-candidate:276: if qualityStyleIsInUse or not qualityStyleIsBuiltin then
full-snapshot-candidate:272: set qualityStyleCurrentName to item qualityStyleOrdinal of qualityStyleNames as text
full-snapshot-candidate:273: set qualityStyleIsInUse to item qualityStyleOrdinal of qualityStyleInUseFlags
full-snapshot-candidate:274: set qualityStyleIsBuiltin to item qualityStyleOrdinal of qualityStyleBuiltinFlags
full-snapshot-candidate:275: set end of qualityLayout to {"style-state",qualityStyleCurrentName,qualityStyleIsInUse,qualityStyleIsBuiltin}
full-snapshot-candidate:276: if qualityStyleIsInUse or not qualityStyleIsBuiltin then
full-snapshot-candidate:272: set qualityStyleCurrentName to item qualityStyleOrdinal of qualityStyleNames as text
full-snapshot-candidate:273: set qualityStyleIsInUse to item qualityStyleOrdinal of qualityStyleInUseFlags
full-snapshot-candidate:274: set qualityStyleIsBuiltin to item qualityStyleOrdinal of qualityStyleBuiltinFlags
full-snapshot-candidate:275: set end of qualityLayout to {"style-state",qualityStyleCurrentName,qualityStyleIsInUse,qualityStyleIsBuiltin}
full-snapshot-candidate:276: if qualityStyleIsInUse or not qualityStyleIsBuiltin then
full-snapshot-candidate:272: set qualityStyleCurrentName to item qualityStyleOrdinal of qualityStyleNames as text
full-snapshot-candidate:273: set qualityStyleIsInUse to item qualityStyleOrdinal of qualityStyleInUseFlags
full-snapshot-candidate:274: set qualityStyleIsBuiltin to item qualityStyleOrdinal of qualityStyleBuiltinFlags
full-snapshot-candidate:275: set end of qualityLayout to {"style-state",qualityStyleCurrentName,qualityStyleIsInUse,qualityStyleIsBuiltin}
full-snapshot-candidate:276: if qualityStyleIsInUse or not qualityStyleIsBuiltin then
full-snapshot-candidate:272: set qualityStyleCurrentName to item qualityStyleOrdinal of qualityStyleNames as text
full-snapshot-candidate:273: set qualityStyleIsInUse to item qualityStyleOrdinal of qualityStyleInUseFlags
full-snapshot-candidate:274: set qualityStyleIsBuiltin to item qualityStyleOrdinal of qualityStyleBuiltinFlags
full-snapshot-candidate:275: set end of qualityLayout to {"style-state",qualityStyleCurrentName,qualityStyleIsInUse,qualityStyleIsBuiltin}
full-snapshot-candidate:276: if qualityStyleIsInUse or not qualityStyleIsBuiltin then
full-snapshot-candidate:272: set qualityStyleCurrentName to item qualityStyleOrdinal of qualityStyleNames as text
full-snapshot-candidate:273: set qualityStyleIsInUse to item qualityStyleOrdinal of qualityStyleInUseFlags
full-snapshot-candidate:274: set qualityStyleIsBuiltin to item qualityStyleOrdinal of qualityStyleBuiltinFlags
full-snapshot-candidate:275: set end of qualityLayout to {"style-state",qualityStyleCurrentName,qualityStyleIsInUse,qualityStyleIsBuiltin}
full-snapshot-candidate:276: if qualityStyleIsInUse or not qualityStyleIsBuiltin then
full-snapshot-candidate:272: set qualityStyleCurrentName to item qualityStyleOrdinal of qualityStyleNames as text
full-snapshot-candidate:273: set qualityStyleIsInUse to item qualityStyleOrdinal of qualityStyleInUseFlags
full-snapshot-candidate:274: set qualityStyleIsBuiltin to item qualityStyleOrdinal of qualityStyleBuiltinFlags
full-snapshot-candidate:275: set end of qualityLayout to {"style-state",qualityStyleCurrentName,qualityStyleIsInUse,qualityStyleIsBuiltin}
full-snapshot-candidate:276: if qualityStyleIsInUse or not qualityStyleIsBuiltin then
full-snapshot-candidate:277: set qstyle to Word style qualityStyleCurrentName of boundDoc
full-snapshot-candidate:278: if (name local of qstyle as text) is not qualityStyleCurrentName then error "WPSC_QUALITY_STYLE_IDENTITY_UNVERIFIED"
full-snapshot-candidate:279: set end of qualityLayout to {"style",name local of qstyle as text,description of qstyle as text,automatically update of qstyle}
full-snapshot-candidate:272: set qualityStyleCurrentName to item qualityStyleOrdinal of qualityStyleNames as text
full-snapshot-candidate:273: set qualityStyleIsInUse to item qualityStyleOrdinal of qualityStyleInUseFlags
full-snapshot-candidate:274: set qualityStyleIsBuiltin to item qualityStyleOrdinal of qualityStyleBuiltinFlags
full-snapshot-candidate:275: set end of qualityLayout to {"style-state",qualityStyleCurrentName,qualityStyleIsInUse,qualityStyleIsBuiltin}
full-snapshot-candidate:276: if qualityStyleIsInUse or not qualityStyleIsBuiltin then
full-snapshot-candidate:277: set qstyle to Word style qualityStyleCurrentName of boundDoc
full-snapshot-candidate:278: if (name local of qstyle as text) is not qualityStyleCurrentName then error "WPSC_QUALITY_STYLE_IDENTITY_UNVERIFIED"
full-snapshot-candidate:279: set end of qualityLayout to {"style",name local of qstyle as text,description of qstyle as text,automatically update of qstyle}
full-snapshot-candidate:272: set qualityStyleCurrentName to item qualityStyleOrdinal of qualityStyleNames as text
full-snapshot-candidate:273: set qualityStyleIsInUse to item qualityStyleOrdinal of qualityStyleInUseFlags
full-snapshot-candidate:274: set qualityStyleIsBuiltin to item qualityStyleOrdinal of qualityStyleBuiltinFlags
full-snapshot-candidate:275: set end of qualityLayout to {"style-state",qualityStyleCurrentName,qualityStyleIsInUse,qualityStyleIsBuiltin}
full-snapshot-candidate:276: if qualityStyleIsInUse or not qualityStyleIsBuiltin then
full-snapshot-candidate:277: set qstyle to Word style qualityStyleCurrentName of boundDoc
full-snapshot-candidate:278: if (name local of qstyle as text) is not qualityStyleCurrentName then error "WPSC_QUALITY_STYLE_IDENTITY_UNVERIFIED"
full-snapshot-candidate:279: set end of qualityLayout to {"style",name local of qstyle as text,description of qstyle as text,automatically update of qstyle}
full-snapshot-candidate:272: set qualityStyleCurrentName to item qualityStyleOrdinal of qualityStyleNames as text
full-snapshot-candidate:273: set qualityStyleIsInUse to item qualityStyleOrdinal of qualityStyleInUseFlags
full-snapshot-candidate:274: set qualityStyleIsBuiltin to item qualityStyleOrdinal of qualityStyleBuiltinFlags
full-snapshot-candidate:275: set end of qualityLayout to {"style-state",qualityStyleCurrentName,qualityStyleIsInUse,qualityStyleIsBuiltin}
full-snapshot-candidate:276: if qualityStyleIsInUse or not qualityStyleIsBuiltin then
full-snapshot-candidate:277: set qstyle to Word style qualityStyleCurrentName of boundDoc
full-snapshot-candidate:278: if (name local of qstyle as text) is not qualityStyleCurrentName then error "WPSC_QUALITY_STYLE_IDENTITY_UNVERIFIED"
full-snapshot-candidate:279: set end of qualityLayout to {"style",name local of qstyle as text,description of qstyle as text,automatically update of qstyle}
full-snapshot-candidate:272: set qualityStyleCurrentName to item qualityStyleOrdinal of qualityStyleNames as text
full-snapshot-candidate:273: set qualityStyleIsInUse to item qualityStyleOrdinal of qualityStyleInUseFlags
full-snapshot-candidate:274: set qualityStyleIsBuiltin to item qualityStyleOrdinal of qualityStyleBuiltinFlags
full-snapshot-candidate:275: set end of qualityLayout to {"style-state",qualityStyleCurrentName,qualityStyleIsInUse,qualityStyleIsBuiltin}
full-snapshot-candidate:276: if qualityStyleIsInUse or not qualityStyleIsBuiltin then
full-snapshot-candidate:277: set qstyle to Word style qualityStyleCurrentName of boundDoc
full-snapshot-candidate:278: if (name local of qstyle as text) is not qualityStyleCurrentName then error "WPSC_QUALITY_STYLE_IDENTITY_UNVERIFIED"
full-snapshot-candidate:279: set end of qualityLayout to {"style",name local of qstyle as text,description of qstyle as text,automatically update of qstyle}
full-snapshot-candidate:272: set qualityStyleCurrentName to item qualityStyleOrdinal of qualityStyleNames as text
full-snapshot-candidate:273: set qualityStyleIsInUse to item qualityStyleOrdinal of qualityStyleInUseFlags
full-snapshot-candidate:274: set qualityStyleIsBuiltin to item qualityStyleOrdinal of qualityStyleBuiltinFlags
full-snapshot-candidate:275: set end of qualityLayout to {"style-state",qualityStyleCurrentName,qualityStyleIsInUse,qualityStyleIsBuiltin}
full-snapshot-candidate:276: if qualityStyleIsInUse or not qualityStyleIsBuiltin then
full-snapshot-candidate:277: set qstyle to Word style qualityStyleCurrentName of boundDoc
full-snapshot-candidate:278: if (name local of qstyle as text) is not qualityStyleCurrentName then error "WPSC_QUALITY_STYLE_IDENTITY_UNVERIFIED"
full-snapshot-candidate:279: set end of qualityLayout to {"style",name local of qstyle as text,description of qstyle as text,automatically update of qstyle}
full-snapshot-candidate:272: set qualityStyleCurrentName to item qualityStyleOrdinal of qualityStyleNames as text
full-snapshot-candidate:273: set qualityStyleIsInUse to item qualityStyleOrdinal of qualityStyleInUseFlags
full-snapshot-candidate:274: set qualityStyleIsBuiltin to item qualityStyleOrdinal of qualityStyleBuiltinFlags
full-snapshot-candidate:275: set end of qualityLayout to {"style-state",qualityStyleCurrentName,qualityStyleIsInUse,qualityStyleIsBuiltin}
full-snapshot-candidate:276: if qualityStyleIsInUse or not qualityStyleIsBuiltin then
full-snapshot-candidate:277: set qstyle to Word style qualityStyleCurrentName of boundDoc
full-snapshot-candidate:278: if (name local of qstyle as text) is not qualityStyleCurrentName then error "WPSC_QUALITY_STYLE_IDENTITY_UNVERIFIED"
full-snapshot-candidate:279: set end of qualityLayout to {"style",name local of qstyle as text,description of qstyle as text,automatically update of qstyle}
full-snapshot-candidate:272: set qualityStyleCurrentName to item qualityStyleOrdinal of qualityStyleNames as text
full-snapshot-candidate:273: set qualityStyleIsInUse to item qualityStyleOrdinal of qualityStyleInUseFlags
full-snapshot-candidate:274: set qualityStyleIsBuiltin to item qualityStyleOrdinal of qualityStyleBuiltinFlags
full-snapshot-candidate:275: set end of qualityLayout to {"style-state",qualityStyleCurrentName,qualityStyleIsInUse,qualityStyleIsBuiltin}
full-snapshot-candidate:276: if qualityStyleIsInUse or not qualityStyleIsBuiltin then
full-snapshot-candidate:277: set qstyle to Word style qualityStyleCurrentName of boundDoc
full-snapshot-candidate:278: if (name local of qstyle as text) is not qualityStyleCurrentName then error "WPSC_QUALITY_STYLE_IDENTITY_UNVERIFIED"
full-snapshot-candidate:279: set end of qualityLayout to {"style",name local of qstyle as text,description of qstyle as text,automatically update of qstyle}
full-snapshot-candidate:272: set qualityStyleCurrentName to item qualityStyleOrdinal of qualityStyleNames as text
full-snapshot-candidate:273: set qualityStyleIsInUse to item qualityStyleOrdinal of qualityStyleInUseFlags
full-snapshot-candidate:274: set qualityStyleIsBuiltin to item qualityStyleOrdinal of qualityStyleBuiltinFlags
full-snapshot-candidate:275: set end of qualityLayout to {"style-state",qualityStyleCurrentName,qualityStyleIsInUse,qualityStyleIsBuiltin}
full-snapshot-candidate:276: if qualityStyleIsInUse or not qualityStyleIsBuiltin then
full-snapshot-candidate:277: set qstyle to Word style qualityStyleCurrentName of boundDoc
full-snapshot-candidate:278: if (name local of qstyle as text) is not qualityStyleCurrentName then error "WPSC_QUALITY_STYLE_IDENTITY_UNVERIFIED"
full-snapshot-candidate:279: set end of qualityLayout to {"style",name local of qstyle as text,description of qstyle as text,automatically update of qstyle}
full-snapshot-candidate:272: set qualityStyleCurrentName to item qualityStyleOrdinal of qualityStyleNames as text
full-snapshot-candidate:273: set qualityStyleIsInUse to item qualityStyleOrdinal of qualityStyleInUseFlags
full-snapshot-candidate:274: set qualityStyleIsBuiltin to item qualityStyleOrdinal of qualityStyleBuiltinFlags
full-snapshot-candidate:275: set end of qualityLayout to {"style-state",qualityStyleCurrentName,qualityStyleIsInUse,qualityStyleIsBuiltin}
full-snapshot-candidate:276: if qualityStyleIsInUse or not qualityStyleIsBuiltin then
full-snapshot-candidate:277: set qstyle to Word style qualityStyleCurrentName of boundDoc
full-snapshot-candidate:278: if (name local of qstyle as text) is not qualityStyleCurrentName then error "WPSC_QUALITY_STYLE_IDENTITY_UNVERIFIED"
full-snapshot-candidate:279: set end of qualityLayout to {"style",name local of qstyle as text,description of qstyle as text,automatically update of qstyle}
full-snapshot-candidate:272: set qualityStyleCurrentName to item qualityStyleOrdinal of qualityStyleNames as text
full-snapshot-candidate:273: set qualityStyleIsInUse to item qualityStyleOrdinal of qualityStyleInUseFlags
full-snapshot-candidate:274: set qualityStyleIsBuiltin to item qualityStyleOrdinal of qualityStyleBuiltinFlags
full-snapshot-candidate:275: set end of qualityLayout to {"style-state",qualityStyleCurrentName,qualityStyleIsInUse,qualityStyleIsBuiltin}
full-snapshot-candidate:276: if qualityStyleIsInUse or not qualityStyleIsBuiltin then
full-snapshot-candidate:272: set qualityStyleCurrentName to item qualityStyleOrdinal of qualityStyleNames as text
full-snapshot-candidate:273: set qualityStyleIsInUse to item qualityStyleOrdinal of qualityStyleInUseFlags
full-snapshot-candidate:274: set qualityStyleIsBuiltin to item qualityStyleOrdinal of qualityStyleBuiltinFlags
full-snapshot-candidate:275: set end of qualityLayout to {"style-state",qualityStyleCurrentName,qualityStyleIsInUse,qualityStyleIsBuiltin}
full-snapshot-candidate:276: if qualityStyleIsInUse or not qualityStyleIsBuiltin then
full-snapshot-candidate:272: set qualityStyleCurrentName to item qualityStyleOrdinal of qualityStyleNames as text
full-snapshot-candidate:273: set qualityStyleIsInUse to item qualityStyleOrdinal of qualityStyleInUseFlags
full-snapshot-candidate:274: set qualityStyleIsBuiltin to item qualityStyleOrdinal of qualityStyleBuiltinFlags
full-snapshot-candidate:275: set end of qualityLayout to {"style-state",qualityStyleCurrentName,qualityStyleIsInUse,qualityStyleIsBuiltin}
full-snapshot-candidate:276: if qualityStyleIsInUse or not qualityStyleIsBuiltin then
full-snapshot-candidate:272: set qualityStyleCurrentName to item qualityStyleOrdinal of qualityStyleNames as text
full-snapshot-candidate:273: set qualityStyleIsInUse to item qualityStyleOrdinal of qualityStyleInUseFlags
full-snapshot-candidate:274: set qualityStyleIsBuiltin to item qualityStyleOrdinal of qualityStyleBuiltinFlags
full-snapshot-candidate:275: set end of qualityLayout to {"style-state",qualityStyleCurrentName,qualityStyleIsInUse,qualityStyleIsBuiltin}
full-snapshot-candidate:276: if qualityStyleIsInUse or not qualityStyleIsBuiltin then
full-snapshot-candidate:272: set qualityStyleCurrentName to item qualityStyleOrdinal of qualityStyleNames as text
full-snapshot-candidate:273: set qualityStyleIsInUse to item qualityStyleOrdinal of qualityStyleInUseFlags
full-snapshot-candidate:274: set qualityStyleIsBuiltin to item qualityStyleOrdinal of qualityStyleBuiltinFlags
full-snapshot-candidate:275: set end of qualityLayout to {"style-state",qualityStyleCurrentName,qualityStyleIsInUse,qualityStyleIsBuiltin}
full-snapshot-candidate:276: if qualityStyleIsInUse or not qualityStyleIsBuiltin then
full-snapshot-candidate:272: set qualityStyleCurrentName to item qualityStyleOrdinal of qualityStyleNames as text
full-snapshot-candidate:273: set qualityStyleIsInUse to item qualityStyleOrdinal of qualityStyleInUseFlags
full-snapshot-candidate:274: set qualityStyleIsBuiltin to item qualityStyleOrdinal of qualityStyleBuiltinFlags
full-snapshot-candidate:275: set end of qualityLayout to {"style-state",qualityStyleCurrentName,qualityStyleIsInUse,qualityStyleIsBuiltin}
full-snapshot-candidate:276: if qualityStyleIsInUse or not qualityStyleIsBuiltin then
full-snapshot-candidate:272: set qualityStyleCurrentName to item qualityStyleOrdinal of qualityStyleNames as text
full-snapshot-candidate:273: set qualityStyleIsInUse to item qualityStyleOrdinal of qualityStyleInUseFlags
full-snapshot-candidate:274: set qualityStyleIsBuiltin to item qualityStyleOrdinal of qualityStyleBuiltinFlags
full-snapshot-candidate:275: set end of qualityLayout to {"style-state",qualityStyleCurrentName,qualityStyleIsInUse,qualityStyleIsBuiltin}
full-snapshot-candidate:276: if qualityStyleIsInUse or not qualityStyleIsBuiltin then
full-snapshot-candidate:272: set qualityStyleCurrentName to item qualityStyleOrdinal of qualityStyleNames as text
full-snapshot-candidate:273: set qualityStyleIsInUse to item qualityStyleOrdinal of qualityStyleInUseFlags
full-snapshot-candidate:274: set qualityStyleIsBuiltin to item qualityStyleOrdinal of qualityStyleBuiltinFlags
full-snapshot-candidate:275: set end of qualityLayout to {"style-state",qualityStyleCurrentName,qualityStyleIsInUse,qualityStyleIsBuiltin}
full-snapshot-candidate:276: if qualityStyleIsInUse or not qualityStyleIsBuiltin then
full-snapshot-candidate:272: set qualityStyleCurrentName to item qualityStyleOrdinal of qualityStyleNames as text
full-snapshot-candidate:273: set qualityStyleIsInUse to item qualityStyleOrdinal of qualityStyleInUseFlags
full-snapshot-candidate:274: set qualityStyleIsBuiltin to item qualityStyleOrdinal of qualityStyleBuiltinFlags
full-snapshot-candidate:275: set end of qualityLayout to {"style-state",qualityStyleCurrentName,qualityStyleIsInUse,qualityStyleIsBuiltin}
full-snapshot-candidate:276: if qualityStyleIsInUse or not qualityStyleIsBuiltin then
full-snapshot-candidate:272: set qualityStyleCurrentName to item qualityStyleOrdinal of qualityStyleNames as text
full-snapshot-candidate:273: set qualityStyleIsInUse to item qualityStyleOrdinal of qualityStyleInUseFlags
full-snapshot-candidate:274: set qualityStyleIsBuiltin to item qualityStyleOrdinal of qualityStyleBuiltinFlags
full-snapshot-candidate:275: set end of qualityLayout to {"style-state",qualityStyleCurrentName,qualityStyleIsInUse,qualityStyleIsBuiltin}
full-snapshot-candidate:276: if qualityStyleIsInUse or not qualityStyleIsBuiltin then
full-snapshot-candidate:272: set qualityStyleCurrentName to item qualityStyleOrdinal of qualityStyleNames as text
full-snapshot-candidate:273: set qualityStyleIsInUse to item qualityStyleOrdinal of qualityStyleInUseFlags
full-snapshot-candidate:274: set qualityStyleIsBuiltin to item qualityStyleOrdinal of qualityStyleBuiltinFlags
full-snapshot-candidate:275: set end of qualityLayout to {"style-state",qualityStyleCurrentName,qualityStyleIsInUse,qualityStyleIsBuiltin}
full-snapshot-candidate:276: if qualityStyleIsInUse or not qualityStyleIsBuiltin then
full-snapshot-candidate:272: set qualityStyleCurrentName to item qualityStyleOrdinal of qualityStyleNames as text
full-snapshot-candidate:273: set qualityStyleIsInUse to item qualityStyleOrdinal of qualityStyleInUseFlags
full-snapshot-candidate:274: set qualityStyleIsBuiltin to item qualityStyleOrdinal of qualityStyleBuiltinFlags
full-snapshot-candidate:275: set end of qualityLayout to {"style-state",qualityStyleCurrentName,qualityStyleIsInUse,qualityStyleIsBuiltin}
full-snapshot-candidate:276: if qualityStyleIsInUse or not qualityStyleIsBuiltin then
full-snapshot-candidate:272: set qualityStyleCurrentName to item qualityStyleOrdinal of qualityStyleNames as text
full-snapshot-candidate:273: set qualityStyleIsInUse to item qualityStyleOrdinal of qualityStyleInUseFlags
full-snapshot-candidate:274: set qualityStyleIsBuiltin to item qualityStyleOrdinal of qualityStyleBuiltinFlags
full-snapshot-candidate:275: set end of qualityLayout to {"style-state",qualityStyleCurrentName,qualityStyleIsInUse,qualityStyleIsBuiltin}
full-snapshot-candidate:276: if qualityStyleIsInUse or not qualityStyleIsBuiltin then
full-snapshot-candidate:272: set qualityStyleCurrentName to item qualityStyleOrdinal of qualityStyleNames as text
full-snapshot-candidate:273: set qualityStyleIsInUse to item qualityStyleOrdinal of qualityStyleInUseFlags
full-snapshot-candidate:274: set qualityStyleIsBuiltin to item qualityStyleOrdinal of qualityStyleBuiltinFlags
full-snapshot-candidate:275: set end of qualityLayout to {"style-state",qualityStyleCurrentName,qualityStyleIsInUse,qualityStyleIsBuiltin}
full-snapshot-candidate:276: if qualityStyleIsInUse or not qualityStyleIsBuiltin then
full-snapshot-candidate:272: set qualityStyleCurrentName to item qualityStyleOrdinal of qualityStyleNames as text
full-snapshot-candidate:273: set qualityStyleIsInUse to item qualityStyleOrdinal of qualityStyleInUseFlags
full-snapshot-candidate:274: set qualityStyleIsBuiltin to item qualityStyleOrdinal of qualityStyleBuiltinFlags
full-snapshot-candidate:275: set end of qualityLayout to {"style-state",qualityStyleCurrentName,qualityStyleIsInUse,qualityStyleIsBuiltin}
full-snapshot-candidate:276: if qualityStyleIsInUse or not qualityStyleIsBuiltin then
full-snapshot-candidate:272: set qualityStyleCurrentName to item qualityStyleOrdinal of qualityStyleNames as text
full-snapshot-candidate:273: set qualityStyleIsInUse to item qualityStyleOrdinal of qualityStyleInUseFlags
full-snapshot-candidate:274: set qualityStyleIsBuiltin to item qualityStyleOrdinal of qualityStyleBuiltinFlags
full-snapshot-candidate:275: set end of qualityLayout to {"style-state",qualityStyleCurrentName,qualityStyleIsInUse,qualityStyleIsBuiltin}
full-snapshot-candidate:276: if qualityStyleIsInUse or not qualityStyleIsBuiltin then
full-snapshot-candidate:272: set qualityStyleCurrentName to item qualityStyleOrdinal of qualityStyleNames as text
full-snapshot-candidate:273: set qualityStyleIsInUse to item qualityStyleOrdinal of qualityStyleInUseFlags
full-snapshot-candidate:274: set qualityStyleIsBuiltin to item qualityStyleOrdinal of qualityStyleBuiltinFlags
full-snapshot-candidate:275: set end of qualityLayout to {"style-state",qualityStyleCurrentName,qualityStyleIsInUse,qualityStyleIsBuiltin}
full-snapshot-candidate:276: if qualityStyleIsInUse or not qualityStyleIsBuiltin then
full-snapshot-candidate:272: set qualityStyleCurrentName to item qualityStyleOrdinal of qualityStyleNames as text
full-snapshot-candidate:273: set qualityStyleIsInUse to item qualityStyleOrdinal of qualityStyleInUseFlags
full-snapshot-candidate:274: set qualityStyleIsBuiltin to item qualityStyleOrdinal of qualityStyleBuiltinFlags
full-snapshot-candidate:275: set end of qualityLayout to {"style-state",qualityStyleCurrentName,qualityStyleIsInUse,qualityStyleIsBuiltin}
full-snapshot-candidate:276: if qualityStyleIsInUse or not qualityStyleIsBuiltin then
full-snapshot-candidate:272: set qualityStyleCurrentName to item qualityStyleOrdinal of qualityStyleNames as text
full-snapshot-candidate:273: set qualityStyleIsInUse to item qualityStyleOrdinal of qualityStyleInUseFlags
full-snapshot-candidate:274: set qualityStyleIsBuiltin to item qualityStyleOrdinal of qualityStyleBuiltinFlags
full-snapshot-candidate:275: set end of qualityLayout to {"style-state",qualityStyleCurrentName,qualityStyleIsInUse,qualityStyleIsBuiltin}
full-snapshot-candidate:276: if qualityStyleIsInUse or not qualityStyleIsBuiltin then
full-snapshot-candidate:272: set qualityStyleCurrentName to item qualityStyleOrdinal of qualityStyleNames as text
full-snapshot-candidate:273: set qualityStyleIsInUse to item qualityStyleOrdinal of qualityStyleInUseFlags
full-snapshot-candidate:274: set qualityStyleIsBuiltin to item qualityStyleOrdinal of qualityStyleBuiltinFlags
full-snapshot-candidate:275: set end of qualityLayout to {"style-state",qualityStyleCurrentName,qualityStyleIsInUse,qualityStyleIsBuiltin}
full-snapshot-candidate:276: if qualityStyleIsInUse or not qualityStyleIsBuiltin then
full-snapshot-candidate:272: set qualityStyleCurrentName to item qualityStyleOrdinal of qualityStyleNames as text
full-snapshot-candidate:273: set qualityStyleIsInUse to item qualityStyleOrdinal of qualityStyleInUseFlags
full-snapshot-candidate:274: set qualityStyleIsBuiltin to item qualityStyleOrdinal of qualityStyleBuiltinFlags
full-snapshot-candidate:275: set end of qualityLayout to {"style-state",qualityStyleCurrentName,qualityStyleIsInUse,qualityStyleIsBuiltin}
full-snapshot-candidate:276: if qualityStyleIsInUse or not qualityStyleIsBuiltin then
full-snapshot-candidate:272: set qualityStyleCurrentName to item qualityStyleOrdinal of qualityStyleNames as text
full-snapshot-candidate:273: set qualityStyleIsInUse to item qualityStyleOrdinal of qualityStyleInUseFlags
full-snapshot-candidate:274: set qualityStyleIsBuiltin to item qualityStyleOrdinal of qualityStyleBuiltinFlags
full-snapshot-candidate:275: set end of qualityLayout to {"style-state",qualityStyleCurrentName,qualityStyleIsInUse,qualityStyleIsBuiltin}
full-snapshot-candidate:276: if qualityStyleIsInUse or not qualityStyleIsBuiltin then
full-snapshot-candidate:272: set qualityStyleCurrentName to item qualityStyleOrdinal of qualityStyleNames as text
full-snapshot-candidate:273: set qualityStyleIsInUse to item qualityStyleOrdinal of qualityStyleInUseFlags
full-snapshot-candidate:274: set qualityStyleIsBuiltin to item qualityStyleOrdinal of qualityStyleBuiltinFlags
full-snapshot-candidate:275: set end of qualityLayout to {"style-state",qualityStyleCurrentName,qualityStyleIsInUse,qualityStyleIsBuiltin}
full-snapshot-candidate:276: if qualityStyleIsInUse or not qualityStyleIsBuiltin then
full-snapshot-candidate:272: set qualityStyleCurrentName to item qualityStyleOrdinal of qualityStyleNames as text
full-snapshot-candidate:273: set qualityStyleIsInUse to item qualityStyleOrdinal of qualityStyleInUseFlags
full-snapshot-candidate:274: set qualityStyleIsBuiltin to item qualityStyleOrdinal of qualityStyleBuiltinFlags
full-snapshot-candidate:275: set end of qualityLayout to {"style-state",qualityStyleCurrentName,qualityStyleIsInUse,qualityStyleIsBuiltin}
full-snapshot-candidate:276: if qualityStyleIsInUse or not qualityStyleIsBuiltin then
full-snapshot-candidate:272: set qualityStyleCurrentName to item qualityStyleOrdinal of qualityStyleNames as text
full-snapshot-candidate:273: set qualityStyleIsInUse to item qualityStyleOrdinal of qualityStyleInUseFlags
full-snapshot-candidate:274: set qualityStyleIsBuiltin to item qualityStyleOrdinal of qualityStyleBuiltinFlags
full-snapshot-candidate:275: set end of qualityLayout to {"style-state",qualityStyleCurrentName,qualityStyleIsInUse,qualityStyleIsBuiltin}
full-snapshot-candidate:276: if qualityStyleIsInUse or not qualityStyleIsBuiltin then
full-snapshot-candidate:272: set qualityStyleCurrentName to item qualityStyleOrdinal of qualityStyleNames as text
full-snapshot-candidate:273: set qualityStyleIsInUse to item qualityStyleOrdinal of qualityStyleInUseFlags
full-snapshot-candidate:274: set qualityStyleIsBuiltin to item qualityStyleOrdinal of qualityStyleBuiltinFlags
full-snapshot-candidate:275: set end of qualityLayout to {"style-state",qualityStyleCurrentName,qualityStyleIsInUse,qualityStyleIsBuiltin}
full-snapshot-candidate:276: if qualityStyleIsInUse or not qualityStyleIsBuiltin then
full-snapshot-candidate:272: set qualityStyleCurrentName to item qualityStyleOrdinal of qualityStyleNames as text
full-snapshot-candidate:273: set qualityStyleIsInUse to item qualityStyleOrdinal of qualityStyleInUseFlags
full-snapshot-candidate:274: set qualityStyleIsBuiltin to item qualityStyleOrdinal of qualityStyleBuiltinFlags
full-snapshot-candidate:275: set end of qualityLayout to {"style-state",qualityStyleCurrentName,qualityStyleIsInUse,qualityStyleIsBuiltin}
full-snapshot-candidate:276: if qualityStyleIsInUse or not qualityStyleIsBuiltin then
full-snapshot-candidate:272: set qualityStyleCurrentName to item qualityStyleOrdinal of qualityStyleNames as text
full-snapshot-candidate:273: set qualityStyleIsInUse to item qualityStyleOrdinal of qualityStyleInUseFlags
full-snapshot-candidate:274: set qualityStyleIsBuiltin to item qualityStyleOrdinal of qualityStyleBuiltinFlags
full-snapshot-candidate:275: set end of qualityLayout to {"style-state",qualityStyleCurrentName,qualityStyleIsInUse,qualityStyleIsBuiltin}
full-snapshot-candidate:276: if qualityStyleIsInUse or not qualityStyleIsBuiltin then
full-snapshot-candidate:272: set qualityStyleCurrentName to item qualityStyleOrdinal of qualityStyleNames as text
full-snapshot-candidate:273: set qualityStyleIsInUse to item qualityStyleOrdinal of qualityStyleInUseFlags
full-snapshot-candidate:274: set qualityStyleIsBuiltin to item qualityStyleOrdinal of qualityStyleBuiltinFlags
full-snapshot-candidate:275: set end of qualityLayout to {"style-state",qualityStyleCurrentName,qualityStyleIsInUse,qualityStyleIsBuiltin}
full-snapshot-candidate:276: if qualityStyleIsInUse or not qualityStyleIsBuiltin then
full-snapshot-candidate:272: set qualityStyleCurrentName to item qualityStyleOrdinal of qualityStyleNames as text
full-snapshot-candidate:273: set qualityStyleIsInUse to item qualityStyleOrdinal of qualityStyleInUseFlags
full-snapshot-candidate:274: set qualityStyleIsBuiltin to item qualityStyleOrdinal of qualityStyleBuiltinFlags
full-snapshot-candidate:275: set end of qualityLayout to {"style-state",qualityStyleCurrentName,qualityStyleIsInUse,qualityStyleIsBuiltin}
full-snapshot-candidate:276: if qualityStyleIsInUse or not qualityStyleIsBuiltin then
full-snapshot-candidate:272: set qualityStyleCurrentName to item qualityStyleOrdinal of qualityStyleNames as text
full-snapshot-candidate:273: set qualityStyleIsInUse to item qualityStyleOrdinal of qualityStyleInUseFlags
full-snapshot-candidate:274: set qualityStyleIsBuiltin to item qualityStyleOrdinal of qualityStyleBuiltinFlags
full-snapshot-candidate:275: set end of qualityLayout to {"style-state",qualityStyleCurrentName,qualityStyleIsInUse,qualityStyleIsBuiltin}
full-snapshot-candidate:276: if qualityStyleIsInUse or not qualityStyleIsBuiltin then
full-snapshot-candidate:272: set qualityStyleCurrentName to item qualityStyleOrdinal of qualityStyleNames as text
full-snapshot-candidate:273: set qualityStyleIsInUse to item qualityStyleOrdinal of qualityStyleInUseFlags
full-snapshot-candidate:274: set qualityStyleIsBuiltin to item qualityStyleOrdinal of qualityStyleBuiltinFlags
full-snapshot-candidate:275: set end of qualityLayout to {"style-state",qualityStyleCurrentName,qualityStyleIsInUse,qualityStyleIsBuiltin}
full-snapshot-candidate:276: if qualityStyleIsInUse or not qualityStyleIsBuiltin then
full-snapshot-candidate:272: set qualityStyleCurrentName to item qualityStyleOrdinal of qualityStyleNames as text
full-snapshot-candidate:273: set qualityStyleIsInUse to item qualityStyleOrdinal of qualityStyleInUseFlags
full-snapshot-candidate:274: set qualityStyleIsBuiltin to item qualityStyleOrdinal of qualityStyleBuiltinFlags
full-snapshot-candidate:275: set end of qualityLayout to {"style-state",qualityStyleCurrentName,qualityStyleIsInUse,qualityStyleIsBuiltin}
full-snapshot-candidate:276: if qualityStyleIsInUse or not qualityStyleIsBuiltin then
full-snapshot-candidate:272: set qualityStyleCurrentName to item qualityStyleOrdinal of qualityStyleNames as text
full-snapshot-candidate:273: set qualityStyleIsInUse to item qualityStyleOrdinal of qualityStyleInUseFlags
full-snapshot-candidate:274: set qualityStyleIsBuiltin to item qualityStyleOrdinal of qualityStyleBuiltinFlags
full-snapshot-candidate:275: set end of qualityLayout to {"style-state",qualityStyleCurrentName,qualityStyleIsInUse,qualityStyleIsBuiltin}
full-snapshot-candidate:276: if qualityStyleIsInUse or not qualityStyleIsBuiltin then
full-snapshot-candidate:272: set qualityStyleCurrentName to item qualityStyleOrdinal of qualityStyleNames as text
full-snapshot-candidate:273: set qualityStyleIsInUse to item qualityStyleOrdinal of qualityStyleInUseFlags
full-snapshot-candidate:274: set qualityStyleIsBuiltin to item qualityStyleOrdinal of qualityStyleBuiltinFlags
full-snapshot-candidate:275: set end of qualityLayout to {"style-state",qualityStyleCurrentName,qualityStyleIsInUse,qualityStyleIsBuiltin}
full-snapshot-candidate:276: if qualityStyleIsInUse or not qualityStyleIsBuiltin then
full-snapshot-candidate:272: set qualityStyleCurrentName to item qualityStyleOrdinal of qualityStyleNames as text
full-snapshot-candidate:273: set qualityStyleIsInUse to item qualityStyleOrdinal of qualityStyleInUseFlags
full-snapshot-candidate:274: set qualityStyleIsBuiltin to item qualityStyleOrdinal of qualityStyleBuiltinFlags
full-snapshot-candidate:275: set end of qualityLayout to {"style-state",qualityStyleCurrentName,qualityStyleIsInUse,qualityStyleIsBuiltin}
full-snapshot-candidate:276: if qualityStyleIsInUse or not qualityStyleIsBuiltin then
full-snapshot-candidate:272: set qualityStyleCurrentName to item qualityStyleOrdinal of qualityStyleNames as text
full-snapshot-candidate:273: set qualityStyleIsInUse to item qualityStyleOrdinal of qualityStyleInUseFlags
full-snapshot-candidate:274: set qualityStyleIsBuiltin to item qualityStyleOrdinal of qualityStyleBuiltinFlags
full-snapshot-candidate:275: set end of qualityLayout to {"style-state",qualityStyleCurrentName,qualityStyleIsInUse,qualityStyleIsBuiltin}
full-snapshot-candidate:276: if qualityStyleIsInUse or not qualityStyleIsBuiltin then
full-snapshot-candidate:277: set qstyle to Word style qualityStyleCurrentName of boundDoc
full-snapshot-candidate:278: if (name local of qstyle as text) is not qualityStyleCurrentName then error "WPSC_QUALITY_STYLE_IDENTITY_UNVERIFIED"
full-snapshot-candidate:279: set end of qualityLayout to {"style",name local of qstyle as text,description of qstyle as text,automatically update of qstyle}
full-snapshot-candidate:272: set qualityStyleCurrentName to item qualityStyleOrdinal of qualityStyleNames as text
full-snapshot-candidate:273: set qualityStyleIsInUse to item qualityStyleOrdinal of qualityStyleInUseFlags
full-snapshot-candidate:274: set qualityStyleIsBuiltin to item qualityStyleOrdinal of qualityStyleBuiltinFlags
full-snapshot-candidate:275: set end of qualityLayout to {"style-state",qualityStyleCurrentName,qualityStyleIsInUse,qualityStyleIsBuiltin}
full-snapshot-candidate:276: if qualityStyleIsInUse or not qualityStyleIsBuiltin then
full-snapshot-candidate:272: set qualityStyleCurrentName to item qualityStyleOrdinal of qualityStyleNames as text
full-snapshot-candidate:273: set qualityStyleIsInUse to item qualityStyleOrdinal of qualityStyleInUseFlags
full-snapshot-candidate:274: set qualityStyleIsBuiltin to item qualityStyleOrdinal of qualityStyleBuiltinFlags
full-snapshot-candidate:275: set end of qualityLayout to {"style-state",qualityStyleCurrentName,qualityStyleIsInUse,qualityStyleIsBuiltin}
full-snapshot-candidate:276: if qualityStyleIsInUse or not qualityStyleIsBuiltin then
full-snapshot-candidate:272: set qualityStyleCurrentName to item qualityStyleOrdinal of qualityStyleNames as text
full-snapshot-candidate:273: set qualityStyleIsInUse to item qualityStyleOrdinal of qualityStyleInUseFlags
full-snapshot-candidate:274: set qualityStyleIsBuiltin to item qualityStyleOrdinal of qualityStyleBuiltinFlags
full-snapshot-candidate:275: set end of qualityLayout to {"style-state",qualityStyleCurrentName,qualityStyleIsInUse,qualityStyleIsBuiltin}
full-snapshot-candidate:276: if qualityStyleIsInUse or not qualityStyleIsBuiltin then
full-snapshot-candidate:272: set qualityStyleCurrentName to item qualityStyleOrdinal of qualityStyleNames as text
full-snapshot-candidate:273: set qualityStyleIsInUse to item qualityStyleOrdinal of qualityStyleInUseFlags
full-snapshot-candidate:274: set qualityStyleIsBuiltin to item qualityStyleOrdinal of qualityStyleBuiltinFlags
full-snapshot-candidate:275: set end of qualityLayout to {"style-state",qualityStyleCurrentName,qualityStyleIsInUse,qualityStyleIsBuiltin}
full-snapshot-candidate:276: if qualityStyleIsInUse or not qualityStyleIsBuiltin then
full-snapshot-candidate:272: set qualityStyleCurrentName to item qualityStyleOrdinal of qualityStyleNames as text
full-snapshot-candidate:273: set qualityStyleIsInUse to item qualityStyleOrdinal of qualityStyleInUseFlags
full-snapshot-candidate:274: set qualityStyleIsBuiltin to item qualityStyleOrdinal of qualityStyleBuiltinFlags
full-snapshot-candidate:275: set end of qualityLayout to {"style-state",qualityStyleCurrentName,qualityStyleIsInUse,qualityStyleIsBuiltin}
full-snapshot-candidate:276: if qualityStyleIsInUse or not qualityStyleIsBuiltin then
full-snapshot-candidate:272: set qualityStyleCurrentName to item qualityStyleOrdinal of qualityStyleNames as text
full-snapshot-candidate:273: set qualityStyleIsInUse to item qualityStyleOrdinal of qualityStyleInUseFlags
full-snapshot-candidate:274: set qualityStyleIsBuiltin to item qualityStyleOrdinal of qualityStyleBuiltinFlags
full-snapshot-candidate:275: set end of qualityLayout to {"style-state",qualityStyleCurrentName,qualityStyleIsInUse,qualityStyleIsBuiltin}
full-snapshot-candidate:276: if qualityStyleIsInUse or not qualityStyleIsBuiltin then
full-snapshot-candidate:272: set qualityStyleCurrentName to item qualityStyleOrdinal of qualityStyleNames as text
full-snapshot-candidate:273: set qualityStyleIsInUse to item qualityStyleOrdinal of qualityStyleInUseFlags
full-snapshot-candidate:274: set qualityStyleIsBuiltin to item qualityStyleOrdinal of qualityStyleBuiltinFlags
full-snapshot-candidate:275: set end of qualityLayout to {"style-state",qualityStyleCurrentName,qualityStyleIsInUse,qualityStyleIsBuiltin}
full-snapshot-candidate:276: if qualityStyleIsInUse or not qualityStyleIsBuiltin then
full-snapshot-candidate:272: set qualityStyleCurrentName to item qualityStyleOrdinal of qualityStyleNames as text
full-snapshot-candidate:273: set qualityStyleIsInUse to item qualityStyleOrdinal of qualityStyleInUseFlags
full-snapshot-candidate:274: set qualityStyleIsBuiltin to item qualityStyleOrdinal of qualityStyleBuiltinFlags
full-snapshot-candidate:275: set end of qualityLayout to {"style-state",qualityStyleCurrentName,qualityStyleIsInUse,qualityStyleIsBuiltin}
full-snapshot-candidate:276: if qualityStyleIsInUse or not qualityStyleIsBuiltin then
full-snapshot-candidate:272: set qualityStyleCurrentName to item qualityStyleOrdinal of qualityStyleNames as text
full-snapshot-candidate:273: set qualityStyleIsInUse to item qualityStyleOrdinal of qualityStyleInUseFlags
full-snapshot-candidate:274: set qualityStyleIsBuiltin to item qualityStyleOrdinal of qualityStyleBuiltinFlags
full-snapshot-candidate:275: set end of qualityLayout to {"style-state",qualityStyleCurrentName,qualityStyleIsInUse,qualityStyleIsBuiltin}
full-snapshot-candidate:276: if qualityStyleIsInUse or not qualityStyleIsBuiltin then
full-snapshot-candidate:272: set qualityStyleCurrentName to item qualityStyleOrdinal of qualityStyleNames as text
full-snapshot-candidate:273: set qualityStyleIsInUse to item qualityStyleOrdinal of qualityStyleInUseFlags
full-snapshot-candidate:274: set qualityStyleIsBuiltin to item qualityStyleOrdinal of qualityStyleBuiltinFlags
full-snapshot-candidate:275: set end of qualityLayout to {"style-state",qualityStyleCurrentName,qualityStyleIsInUse,qualityStyleIsBuiltin}
full-snapshot-candidate:276: if qualityStyleIsInUse or not qualityStyleIsBuiltin then
full-snapshot-candidate:272: set qualityStyleCurrentName to item qualityStyleOrdinal of qualityStyleNames as text
full-snapshot-candidate:273: set qualityStyleIsInUse to item qualityStyleOrdinal of qualityStyleInUseFlags
full-snapshot-candidate:274: set qualityStyleIsBuiltin to item qualityStyleOrdinal of qualityStyleBuiltinFlags
full-snapshot-candidate:275: set end of qualityLayout to {"style-state",qualityStyleCurrentName,qualityStyleIsInUse,qualityStyleIsBuiltin}
full-snapshot-candidate:276: if qualityStyleIsInUse or not qualityStyleIsBuiltin then
full-snapshot-candidate:272: set qualityStyleCurrentName to item qualityStyleOrdinal of qualityStyleNames as text
full-snapshot-candidate:273: set qualityStyleIsInUse to item qualityStyleOrdinal of qualityStyleInUseFlags
full-snapshot-candidate:274: set qualityStyleIsBuiltin to item qualityStyleOrdinal of qualityStyleBuiltinFlags
full-snapshot-candidate:275: set end of qualityLayout to {"style-state",qualityStyleCurrentName,qualityStyleIsInUse,qualityStyleIsBuiltin}
full-snapshot-candidate:276: if qualityStyleIsInUse or not qualityStyleIsBuiltin then
full-snapshot-candidate:272: set qualityStyleCurrentName to item qualityStyleOrdinal of qualityStyleNames as text
full-snapshot-candidate:273: set qualityStyleIsInUse to item qualityStyleOrdinal of qualityStyleInUseFlags
full-snapshot-candidate:274: set qualityStyleIsBuiltin to item qualityStyleOrdinal of qualityStyleBuiltinFlags
full-snapshot-candidate:275: set end of qualityLayout to {"style-state",qualityStyleCurrentName,qualityStyleIsInUse,qualityStyleIsBuiltin}
full-snapshot-candidate:276: if qualityStyleIsInUse or not qualityStyleIsBuiltin then
full-snapshot-candidate:272: set qualityStyleCurrentName to item qualityStyleOrdinal of qualityStyleNames as text
full-snapshot-candidate:273: set qualityStyleIsInUse to item qualityStyleOrdinal of qualityStyleInUseFlags
full-snapshot-candidate:274: set qualityStyleIsBuiltin to item qualityStyleOrdinal of qualityStyleBuiltinFlags
full-snapshot-candidate:275: set end of qualityLayout to {"style-state",qualityStyleCurrentName,qualityStyleIsInUse,qualityStyleIsBuiltin}
full-snapshot-candidate:276: if qualityStyleIsInUse or not qualityStyleIsBuiltin then
full-snapshot-candidate:272: set qualityStyleCurrentName to item qualityStyleOrdinal of qualityStyleNames as text
full-snapshot-candidate:273: set qualityStyleIsInUse to item qualityStyleOrdinal of qualityStyleInUseFlags
full-snapshot-candidate:274: set qualityStyleIsBuiltin to item qualityStyleOrdinal of qualityStyleBuiltinFlags
full-snapshot-candidate:275: set end of qualityLayout to {"style-state",qualityStyleCurrentName,qualityStyleIsInUse,qualityStyleIsBuiltin}
full-snapshot-candidate:276: if qualityStyleIsInUse or not qualityStyleIsBuiltin then
full-snapshot-candidate:272: set qualityStyleCurrentName to item qualityStyleOrdinal of qualityStyleNames as text
full-snapshot-candidate:273: set qualityStyleIsInUse to item qualityStyleOrdinal of qualityStyleInUseFlags
full-snapshot-candidate:274: set qualityStyleIsBuiltin to item qualityStyleOrdinal of qualityStyleBuiltinFlags
full-snapshot-candidate:275: set end of qualityLayout to {"style-state",qualityStyleCurrentName,qualityStyleIsInUse,qualityStyleIsBuiltin}
full-snapshot-candidate:276: if qualityStyleIsInUse or not qualityStyleIsBuiltin then
full-snapshot-candidate:272: set qualityStyleCurrentName to item qualityStyleOrdinal of qualityStyleNames as text
full-snapshot-candidate:273: set qualityStyleIsInUse to item qualityStyleOrdinal of qualityStyleInUseFlags
full-snapshot-candidate:274: set qualityStyleIsBuiltin to item qualityStyleOrdinal of qualityStyleBuiltinFlags
full-snapshot-candidate:275: set end of qualityLayout to {"style-state",qualityStyleCurrentName,qualityStyleIsInUse,qualityStyleIsBuiltin}
full-snapshot-candidate:276: if qualityStyleIsInUse or not qualityStyleIsBuiltin then
full-snapshot-candidate:272: set qualityStyleCurrentName to item qualityStyleOrdinal of qualityStyleNames as text
full-snapshot-candidate:273: set qualityStyleIsInUse to item qualityStyleOrdinal of qualityStyleInUseFlags
full-snapshot-candidate:274: set qualityStyleIsBuiltin to item qualityStyleOrdinal of qualityStyleBuiltinFlags
full-snapshot-candidate:275: set end of qualityLayout to {"style-state",qualityStyleCurrentName,qualityStyleIsInUse,qualityStyleIsBuiltin}
full-snapshot-candidate:276: if qualityStyleIsInUse or not qualityStyleIsBuiltin then
full-snapshot-candidate:272: set qualityStyleCurrentName to item qualityStyleOrdinal of qualityStyleNames as text
full-snapshot-candidate:273: set qualityStyleIsInUse to item qualityStyleOrdinal of qualityStyleInUseFlags
full-snapshot-candidate:274: set qualityStyleIsBuiltin to item qualityStyleOrdinal of qualityStyleBuiltinFlags
full-snapshot-candidate:275: set end of qualityLayout to {"style-state",qualityStyleCurrentName,qualityStyleIsInUse,qualityStyleIsBuiltin}
full-snapshot-candidate:276: if qualityStyleIsInUse or not qualityStyleIsBuiltin then
full-snapshot-candidate:272: set qualityStyleCurrentName to item qualityStyleOrdinal of qualityStyleNames as text
full-snapshot-candidate:273: set qualityStyleIsInUse to item qualityStyleOrdinal of qualityStyleInUseFlags
full-snapshot-candidate:274: set qualityStyleIsBuiltin to item qualityStyleOrdinal of qualityStyleBuiltinFlags
full-snapshot-candidate:275: set end of qualityLayout to {"style-state",qualityStyleCurrentName,qualityStyleIsInUse,qualityStyleIsBuiltin}
full-snapshot-candidate:276: if qualityStyleIsInUse or not qualityStyleIsBuiltin then
full-snapshot-candidate:272: set qualityStyleCurrentName to item qualityStyleOrdinal of qualityStyleNames as text
full-snapshot-candidate:273: set qualityStyleIsInUse to item qualityStyleOrdinal of qualityStyleInUseFlags
full-snapshot-candidate:274: set qualityStyleIsBuiltin to item qualityStyleOrdinal of qualityStyleBuiltinFlags
full-snapshot-candidate:275: set end of qualityLayout to {"style-state",qualityStyleCurrentName,qualityStyleIsInUse,qualityStyleIsBuiltin}
full-snapshot-candidate:276: if qualityStyleIsInUse or not qualityStyleIsBuiltin then
full-snapshot-candidate:272: set qualityStyleCurrentName to item qualityStyleOrdinal of qualityStyleNames as text
full-snapshot-candidate:273: set qualityStyleIsInUse to item qualityStyleOrdinal of qualityStyleInUseFlags
full-snapshot-candidate:274: set qualityStyleIsBuiltin to item qualityStyleOrdinal of qualityStyleBuiltinFlags
full-snapshot-candidate:275: set end of qualityLayout to {"style-state",qualityStyleCurrentName,qualityStyleIsInUse,qualityStyleIsBuiltin}
full-snapshot-candidate:276: if qualityStyleIsInUse or not qualityStyleIsBuiltin then
full-snapshot-candidate:272: set qualityStyleCurrentName to item qualityStyleOrdinal of qualityStyleNames as text
full-snapshot-candidate:273: set qualityStyleIsInUse to item qualityStyleOrdinal of qualityStyleInUseFlags
full-snapshot-candidate:274: set qualityStyleIsBuiltin to item qualityStyleOrdinal of qualityStyleBuiltinFlags
full-snapshot-candidate:275: set end of qualityLayout to {"style-state",qualityStyleCurrentName,qualityStyleIsInUse,qualityStyleIsBuiltin}
full-snapshot-candidate:276: if qualityStyleIsInUse or not qualityStyleIsBuiltin then
full-snapshot-candidate:272: set qualityStyleCurrentName to item qualityStyleOrdinal of qualityStyleNames as text
full-snapshot-candidate:273: set qualityStyleIsInUse to item qualityStyleOrdinal of qualityStyleInUseFlags
full-snapshot-candidate:274: set qualityStyleIsBuiltin to item qualityStyleOrdinal of qualityStyleBuiltinFlags
full-snapshot-candidate:275: set end of qualityLayout to {"style-state",qualityStyleCurrentName,qualityStyleIsInUse,qualityStyleIsBuiltin}
full-snapshot-candidate:276: if qualityStyleIsInUse or not qualityStyleIsBuiltin then
full-snapshot-candidate:272: set qualityStyleCurrentName to item qualityStyleOrdinal of qualityStyleNames as text
full-snapshot-candidate:273: set qualityStyleIsInUse to item qualityStyleOrdinal of qualityStyleInUseFlags
full-snapshot-candidate:274: set qualityStyleIsBuiltin to item qualityStyleOrdinal of qualityStyleBuiltinFlags
full-snapshot-candidate:275: set end of qualityLayout to {"style-state",qualityStyleCurrentName,qualityStyleIsInUse,qualityStyleIsBuiltin}
full-snapshot-candidate:276: if qualityStyleIsInUse or not qualityStyleIsBuiltin then
full-snapshot-candidate:272: set qualityStyleCurrentName to item qualityStyleOrdinal of qualityStyleNames as text
full-snapshot-candidate:273: set qualityStyleIsInUse to item qualityStyleOrdinal of qualityStyleInUseFlags
full-snapshot-candidate:274: set qualityStyleIsBuiltin to item qualityStyleOrdinal of qualityStyleBuiltinFlags
full-snapshot-candidate:275: set end of qualityLayout to {"style-state",qualityStyleCurrentName,qualityStyleIsInUse,qualityStyleIsBuiltin}
full-snapshot-candidate:276: if qualityStyleIsInUse or not qualityStyleIsBuiltin then
full-snapshot-candidate:272: set qualityStyleCurrentName to item qualityStyleOrdinal of qualityStyleNames as text
full-snapshot-candidate:273: set qualityStyleIsInUse to item qualityStyleOrdinal of qualityStyleInUseFlags
full-snapshot-candidate:274: set qualityStyleIsBuiltin to item qualityStyleOrdinal of qualityStyleBuiltinFlags
full-snapshot-candidate:275: set end of qualityLayout to {"style-state",qualityStyleCurrentName,qualityStyleIsInUse,qualityStyleIsBuiltin}
full-snapshot-candidate:276: if qualityStyleIsInUse or not qualityStyleIsBuiltin then
full-snapshot-candidate:277: set qstyle to Word style qualityStyleCurrentName of boundDoc
full-snapshot-candidate:278: if (name local of qstyle as text) is not qualityStyleCurrentName then error "WPSC_QUALITY_STYLE_IDENTITY_UNVERIFIED"
full-snapshot-candidate:279: set end of qualityLayout to {"style",name local of qstyle as text,description of qstyle as text,automatically update of qstyle}
full-snapshot-candidate:272: set qualityStyleCurrentName to item qualityStyleOrdinal of qualityStyleNames as text
full-snapshot-candidate:273: set qualityStyleIsInUse to item qualityStyleOrdinal of qualityStyleInUseFlags
full-snapshot-candidate:274: set qualityStyleIsBuiltin to item qualityStyleOrdinal of qualityStyleBuiltinFlags
full-snapshot-candidate:275: set end of qualityLayout to {"style-state",qualityStyleCurrentName,qualityStyleIsInUse,qualityStyleIsBuiltin}
full-snapshot-candidate:276: if qualityStyleIsInUse or not qualityStyleIsBuiltin then
full-snapshot-candidate:272: set qualityStyleCurrentName to item qualityStyleOrdinal of qualityStyleNames as text
full-snapshot-candidate:273: set qualityStyleIsInUse to item qualityStyleOrdinal of qualityStyleInUseFlags
full-snapshot-candidate:274: set qualityStyleIsBuiltin to item qualityStyleOrdinal of qualityStyleBuiltinFlags
full-snapshot-candidate:275: set end of qualityLayout to {"style-state",qualityStyleCurrentName,qualityStyleIsInUse,qualityStyleIsBuiltin}
full-snapshot-candidate:276: if qualityStyleIsInUse or not qualityStyleIsBuiltin then
full-snapshot-candidate:272: set qualityStyleCurrentName to item qualityStyleOrdinal of qualityStyleNames as text
full-snapshot-candidate:273: set qualityStyleIsInUse to item qualityStyleOrdinal of qualityStyleInUseFlags
full-snapshot-candidate:274: set qualityStyleIsBuiltin to item qualityStyleOrdinal of qualityStyleBuiltinFlags
full-snapshot-candidate:275: set end of qualityLayout to {"style-state",qualityStyleCurrentName,qualityStyleIsInUse,qualityStyleIsBuiltin}
full-snapshot-candidate:276: if qualityStyleIsInUse or not qualityStyleIsBuiltin then
full-snapshot-candidate:272: set qualityStyleCurrentName to item qualityStyleOrdinal of qualityStyleNames as text
full-snapshot-candidate:273: set qualityStyleIsInUse to item qualityStyleOrdinal of qualityStyleInUseFlags
full-snapshot-candidate:274: set qualityStyleIsBuiltin to item qualityStyleOrdinal of qualityStyleBuiltinFlags
full-snapshot-candidate:275: set end of qualityLayout to {"style-state",qualityStyleCurrentName,qualityStyleIsInUse,qualityStyleIsBuiltin}
full-snapshot-candidate:276: if qualityStyleIsInUse or not qualityStyleIsBuiltin then
full-snapshot-candidate:272: set qualityStyleCurrentName to item qualityStyleOrdinal of qualityStyleNames as text
full-snapshot-candidate:273: set qualityStyleIsInUse to item qualityStyleOrdinal of qualityStyleInUseFlags
full-snapshot-candidate:274: set qualityStyleIsBuiltin to item qualityStyleOrdinal of qualityStyleBuiltinFlags
full-snapshot-candidate:275: set end of qualityLayout to {"style-state",qualityStyleCurrentName,qualityStyleIsInUse,qualityStyleIsBuiltin}
full-snapshot-candidate:276: if qualityStyleIsInUse or not qualityStyleIsBuiltin then
full-snapshot-candidate:272: set qualityStyleCurrentName to item qualityStyleOrdinal of qualityStyleNames as text
full-snapshot-candidate:273: set qualityStyleIsInUse to item qualityStyleOrdinal of qualityStyleInUseFlags
full-snapshot-candidate:274: set qualityStyleIsBuiltin to item qualityStyleOrdinal of qualityStyleBuiltinFlags
full-snapshot-candidate:275: set end of qualityLayout to {"style-state",qualityStyleCurrentName,qualityStyleIsInUse,qualityStyleIsBuiltin}
full-snapshot-candidate:276: if qualityStyleIsInUse or not qualityStyleIsBuiltin then
full-snapshot-candidate:272: set qualityStyleCurrentName to item qualityStyleOrdinal of qualityStyleNames as text
full-snapshot-candidate:273: set qualityStyleIsInUse to item qualityStyleOrdinal of qualityStyleInUseFlags
full-snapshot-candidate:274: set qualityStyleIsBuiltin to item qualityStyleOrdinal of qualityStyleBuiltinFlags
full-snapshot-candidate:275: set end of qualityLayout to {"style-state",qualityStyleCurrentName,qualityStyleIsInUse,qualityStyleIsBuiltin}
full-snapshot-candidate:276: if qualityStyleIsInUse or not qualityStyleIsBuiltin then
full-snapshot-candidate:272: set qualityStyleCurrentName to item qualityStyleOrdinal of qualityStyleNames as text
full-snapshot-candidate:273: set qualityStyleIsInUse to item qualityStyleOrdinal of qualityStyleInUseFlags
full-snapshot-candidate:274: set qualityStyleIsBuiltin to item qualityStyleOrdinal of qualityStyleBuiltinFlags
full-snapshot-candidate:275: set end of qualityLayout to {"style-state",qualityStyleCurrentName,qualityStyleIsInUse,qualityStyleIsBuiltin}
full-snapshot-candidate:276: if qualityStyleIsInUse or not qualityStyleIsBuiltin then
full-snapshot-candidate:272: set qualityStyleCurrentName to item qualityStyleOrdinal of qualityStyleNames as text
full-snapshot-candidate:273: set qualityStyleIsInUse to item qualityStyleOrdinal of qualityStyleInUseFlags
full-snapshot-candidate:274: set qualityStyleIsBuiltin to item qualityStyleOrdinal of qualityStyleBuiltinFlags
full-snapshot-candidate:275: set end of qualityLayout to {"style-state",qualityStyleCurrentName,qualityStyleIsInUse,qualityStyleIsBuiltin}
full-snapshot-candidate:276: if qualityStyleIsInUse or not qualityStyleIsBuiltin then
full-snapshot-candidate:272: set qualityStyleCurrentName to item qualityStyleOrdinal of qualityStyleNames as text
full-snapshot-candidate:273: set qualityStyleIsInUse to item qualityStyleOrdinal of qualityStyleInUseFlags
full-snapshot-candidate:274: set qualityStyleIsBuiltin to item qualityStyleOrdinal of qualityStyleBuiltinFlags
full-snapshot-candidate:275: set end of qualityLayout to {"style-state",qualityStyleCurrentName,qualityStyleIsInUse,qualityStyleIsBuiltin}
full-snapshot-candidate:276: if qualityStyleIsInUse or not qualityStyleIsBuiltin then
full-snapshot-candidate:272: set qualityStyleCurrentName to item qualityStyleOrdinal of qualityStyleNames as text
full-snapshot-candidate:273: set qualityStyleIsInUse to item qualityStyleOrdinal of qualityStyleInUseFlags
full-snapshot-candidate:274: set qualityStyleIsBuiltin to item qualityStyleOrdinal of qualityStyleBuiltinFlags
full-snapshot-candidate:275: set end of qualityLayout to {"style-state",qualityStyleCurrentName,qualityStyleIsInUse,qualityStyleIsBuiltin}
full-snapshot-candidate:276: if qualityStyleIsInUse or not qualityStyleIsBuiltin then
full-snapshot-candidate:272: set qualityStyleCurrentName to item qualityStyleOrdinal of qualityStyleNames as text
full-snapshot-candidate:273: set qualityStyleIsInUse to item qualityStyleOrdinal of qualityStyleInUseFlags
full-snapshot-candidate:274: set qualityStyleIsBuiltin to item qualityStyleOrdinal of qualityStyleBuiltinFlags
full-snapshot-candidate:275: set end of qualityLayout to {"style-state",qualityStyleCurrentName,qualityStyleIsInUse,qualityStyleIsBuiltin}
full-snapshot-candidate:276: if qualityStyleIsInUse or not qualityStyleIsBuiltin then
full-snapshot-candidate:272: set qualityStyleCurrentName to item qualityStyleOrdinal of qualityStyleNames as text
full-snapshot-candidate:273: set qualityStyleIsInUse to item qualityStyleOrdinal of qualityStyleInUseFlags
full-snapshot-candidate:274: set qualityStyleIsBuiltin to item qualityStyleOrdinal of qualityStyleBuiltinFlags
full-snapshot-candidate:275: set end of qualityLayout to {"style-state",qualityStyleCurrentName,qualityStyleIsInUse,qualityStyleIsBuiltin}
full-snapshot-candidate:276: if qualityStyleIsInUse or not qualityStyleIsBuiltin then
full-snapshot-candidate:272: set qualityStyleCurrentName to item qualityStyleOrdinal of qualityStyleNames as text
full-snapshot-candidate:273: set qualityStyleIsInUse to item qualityStyleOrdinal of qualityStyleInUseFlags
full-snapshot-candidate:274: set qualityStyleIsBuiltin to item qualityStyleOrdinal of qualityStyleBuiltinFlags
full-snapshot-candidate:275: set end of qualityLayout to {"style-state",qualityStyleCurrentName,qualityStyleIsInUse,qualityStyleIsBuiltin}
full-snapshot-candidate:276: if qualityStyleIsInUse or not qualityStyleIsBuiltin then
full-snapshot-candidate:272: set qualityStyleCurrentName to item qualityStyleOrdinal of qualityStyleNames as text
full-snapshot-candidate:273: set qualityStyleIsInUse to item qualityStyleOrdinal of qualityStyleInUseFlags
full-snapshot-candidate:274: set qualityStyleIsBuiltin to item qualityStyleOrdinal of qualityStyleBuiltinFlags
full-snapshot-candidate:275: set end of qualityLayout to {"style-state",qualityStyleCurrentName,qualityStyleIsInUse,qualityStyleIsBuiltin}
full-snapshot-candidate:276: if qualityStyleIsInUse or not qualityStyleIsBuiltin then
full-snapshot-candidate:272: set qualityStyleCurrentName to item qualityStyleOrdinal of qualityStyleNames as text
full-snapshot-candidate:273: set qualityStyleIsInUse to item qualityStyleOrdinal of qualityStyleInUseFlags
full-snapshot-candidate:274: set qualityStyleIsBuiltin to item qualityStyleOrdinal of qualityStyleBuiltinFlags
full-snapshot-candidate:275: set end of qualityLayout to {"style-state",qualityStyleCurrentName,qualityStyleIsInUse,qualityStyleIsBuiltin}
full-snapshot-candidate:276: if qualityStyleIsInUse or not qualityStyleIsBuiltin then
full-snapshot-candidate:272: set qualityStyleCurrentName to item qualityStyleOrdinal of qualityStyleNames as text
full-snapshot-candidate:273: set qualityStyleIsInUse to item qualityStyleOrdinal of qualityStyleInUseFlags
full-snapshot-candidate:274: set qualityStyleIsBuiltin to item qualityStyleOrdinal of qualityStyleBuiltinFlags
full-snapshot-candidate:275: set end of qualityLayout to {"style-state",qualityStyleCurrentName,qualityStyleIsInUse,qualityStyleIsBuiltin}
full-snapshot-candidate:276: if qualityStyleIsInUse or not qualityStyleIsBuiltin then
full-snapshot-candidate:272: set qualityStyleCurrentName to item qualityStyleOrdinal of qualityStyleNames as text
full-snapshot-candidate:273: set qualityStyleIsInUse to item qualityStyleOrdinal of qualityStyleInUseFlags
full-snapshot-candidate:274: set qualityStyleIsBuiltin to item qualityStyleOrdinal of qualityStyleBuiltinFlags
full-snapshot-candidate:275: set end of qualityLayout to {"style-state",qualityStyleCurrentName,qualityStyleIsInUse,qualityStyleIsBuiltin}
full-snapshot-candidate:276: if qualityStyleIsInUse or not qualityStyleIsBuiltin then
full-snapshot-candidate:272: set qualityStyleCurrentName to item qualityStyleOrdinal of qualityStyleNames as text
full-snapshot-candidate:273: set qualityStyleIsInUse to item qualityStyleOrdinal of qualityStyleInUseFlags
full-snapshot-candidate:274: set qualityStyleIsBuiltin to item qualityStyleOrdinal of qualityStyleBuiltinFlags
full-snapshot-candidate:275: set end of qualityLayout to {"style-state",qualityStyleCurrentName,qualityStyleIsInUse,qualityStyleIsBuiltin}
full-snapshot-candidate:276: if qualityStyleIsInUse or not qualityStyleIsBuiltin then
full-snapshot-candidate:272: set qualityStyleCurrentName to item qualityStyleOrdinal of qualityStyleNames as text
full-snapshot-candidate:273: set qualityStyleIsInUse to item qualityStyleOrdinal of qualityStyleInUseFlags
full-snapshot-candidate:274: set qualityStyleIsBuiltin to item qualityStyleOrdinal of qualityStyleBuiltinFlags
full-snapshot-candidate:275: set end of qualityLayout to {"style-state",qualityStyleCurrentName,qualityStyleIsInUse,qualityStyleIsBuiltin}
full-snapshot-candidate:276: if qualityStyleIsInUse or not qualityStyleIsBuiltin then
full-snapshot-candidate:277: set qstyle to Word style qualityStyleCurrentName of boundDoc
full-snapshot-candidate:278: if (name local of qstyle as text) is not qualityStyleCurrentName then error "WPSC_QUALITY_STYLE_IDENTITY_UNVERIFIED"
full-snapshot-candidate:279: set end of qualityLayout to {"style",name local of qstyle as text,description of qstyle as text,automatically update of qstyle}
full-snapshot-candidate:272: set qualityStyleCurrentName to item qualityStyleOrdinal of qualityStyleNames as text
full-snapshot-candidate:273: set qualityStyleIsInUse to item qualityStyleOrdinal of qualityStyleInUseFlags
full-snapshot-candidate:274: set qualityStyleIsBuiltin to item qualityStyleOrdinal of qualityStyleBuiltinFlags
full-snapshot-candidate:275: set end of qualityLayout to {"style-state",qualityStyleCurrentName,qualityStyleIsInUse,qualityStyleIsBuiltin}
full-snapshot-candidate:276: if qualityStyleIsInUse or not qualityStyleIsBuiltin then
full-snapshot-candidate:277: set qstyle to Word style qualityStyleCurrentName of boundDoc
full-snapshot-candidate:278: if (name local of qstyle as text) is not qualityStyleCurrentName then error "WPSC_QUALITY_STYLE_IDENTITY_UNVERIFIED"
full-snapshot-candidate:279: set end of qualityLayout to {"style",name local of qstyle as text,description of qstyle as text,automatically update of qstyle}
full-snapshot-candidate:272: set qualityStyleCurrentName to item qualityStyleOrdinal of qualityStyleNames as text
full-snapshot-candidate:273: set qualityStyleIsInUse to item qualityStyleOrdinal of qualityStyleInUseFlags
full-snapshot-candidate:274: set qualityStyleIsBuiltin to item qualityStyleOrdinal of qualityStyleBuiltinFlags
full-snapshot-candidate:275: set end of qualityLayout to {"style-state",qualityStyleCurrentName,qualityStyleIsInUse,qualityStyleIsBuiltin}
full-snapshot-candidate:276: if qualityStyleIsInUse or not qualityStyleIsBuiltin then
full-snapshot-candidate:277: set qstyle to Word style qualityStyleCurrentName of boundDoc
full-snapshot-candidate:278: if (name local of qstyle as text) is not qualityStyleCurrentName then error "WPSC_QUALITY_STYLE_IDENTITY_UNVERIFIED"
full-snapshot-candidate:279: set end of qualityLayout to {"style",name local of qstyle as text,description of qstyle as text,automatically update of qstyle}
full-snapshot-candidate:272: set qualityStyleCurrentName to item qualityStyleOrdinal of qualityStyleNames as text
full-snapshot-candidate:273: set qualityStyleIsInUse to item qualityStyleOrdinal of qualityStyleInUseFlags
full-snapshot-candidate:274: set qualityStyleIsBuiltin to item qualityStyleOrdinal of qualityStyleBuiltinFlags
full-snapshot-candidate:275: set end of qualityLayout to {"style-state",qualityStyleCurrentName,qualityStyleIsInUse,qualityStyleIsBuiltin}
full-snapshot-candidate:276: if qualityStyleIsInUse or not qualityStyleIsBuiltin then
full-snapshot-candidate:277: set qstyle to Word style qualityStyleCurrentName of boundDoc
full-snapshot-candidate:278: if (name local of qstyle as text) is not qualityStyleCurrentName then error "WPSC_QUALITY_STYLE_IDENTITY_UNVERIFIED"
full-snapshot-candidate:279: set end of qualityLayout to {"style",name local of qstyle as text,description of qstyle as text,automatically update of qstyle}
full-snapshot-candidate:272: set qualityStyleCurrentName to item qualityStyleOrdinal of qualityStyleNames as text
full-snapshot-candidate:273: set qualityStyleIsInUse to item qualityStyleOrdinal of qualityStyleInUseFlags
full-snapshot-candidate:274: set qualityStyleIsBuiltin to item qualityStyleOrdinal of qualityStyleBuiltinFlags
full-snapshot-candidate:275: set end of qualityLayout to {"style-state",qualityStyleCurrentName,qualityStyleIsInUse,qualityStyleIsBuiltin}
full-snapshot-candidate:276: if qualityStyleIsInUse or not qualityStyleIsBuiltin then
full-snapshot-candidate:272: set qualityStyleCurrentName to item qualityStyleOrdinal of qualityStyleNames as text
full-snapshot-candidate:273: set qualityStyleIsInUse to item qualityStyleOrdinal of qualityStyleInUseFlags
full-snapshot-candidate:274: set qualityStyleIsBuiltin to item qualityStyleOrdinal of qualityStyleBuiltinFlags
full-snapshot-candidate:275: set end of qualityLayout to {"style-state",qualityStyleCurrentName,qualityStyleIsInUse,qualityStyleIsBuiltin}
full-snapshot-candidate:276: if qualityStyleIsInUse or not qualityStyleIsBuiltin then
full-snapshot-candidate:272: set qualityStyleCurrentName to item qualityStyleOrdinal of qualityStyleNames as text
full-snapshot-candidate:273: set qualityStyleIsInUse to item qualityStyleOrdinal of qualityStyleInUseFlags
full-snapshot-candidate:274: set qualityStyleIsBuiltin to item qualityStyleOrdinal of qualityStyleBuiltinFlags
full-snapshot-candidate:275: set end of qualityLayout to {"style-state",qualityStyleCurrentName,qualityStyleIsInUse,qualityStyleIsBuiltin}
full-snapshot-candidate:276: if qualityStyleIsInUse or not qualityStyleIsBuiltin then
full-snapshot-candidate:272: set qualityStyleCurrentName to item qualityStyleOrdinal of qualityStyleNames as text
full-snapshot-candidate:273: set qualityStyleIsInUse to item qualityStyleOrdinal of qualityStyleInUseFlags
full-snapshot-candidate:274: set qualityStyleIsBuiltin to item qualityStyleOrdinal of qualityStyleBuiltinFlags
full-snapshot-candidate:275: set end of qualityLayout to {"style-state",qualityStyleCurrentName,qualityStyleIsInUse,qualityStyleIsBuiltin}
full-snapshot-candidate:276: if qualityStyleIsInUse or not qualityStyleIsBuiltin then
full-snapshot-candidate:272: set qualityStyleCurrentName to item qualityStyleOrdinal of qualityStyleNames as text
full-snapshot-candidate:273: set qualityStyleIsInUse to item qualityStyleOrdinal of qualityStyleInUseFlags
full-snapshot-candidate:274: set qualityStyleIsBuiltin to item qualityStyleOrdinal of qualityStyleBuiltinFlags
full-snapshot-candidate:275: set end of qualityLayout to {"style-state",qualityStyleCurrentName,qualityStyleIsInUse,qualityStyleIsBuiltin}
full-snapshot-candidate:276: if qualityStyleIsInUse or not qualityStyleIsBuiltin then
full-snapshot-candidate:272: set qualityStyleCurrentName to item qualityStyleOrdinal of qualityStyleNames as text
full-snapshot-candidate:273: set qualityStyleIsInUse to item qualityStyleOrdinal of qualityStyleInUseFlags
full-snapshot-candidate:274: set qualityStyleIsBuiltin to item qualityStyleOrdinal of qualityStyleBuiltinFlags
full-snapshot-candidate:275: set end of qualityLayout to {"style-state",qualityStyleCurrentName,qualityStyleIsInUse,qualityStyleIsBuiltin}
full-snapshot-candidate:276: if qualityStyleIsInUse or not qualityStyleIsBuiltin then
full-snapshot-candidate:277: set qstyle to Word style qualityStyleCurrentName of boundDoc
full-snapshot-candidate:278: if (name local of qstyle as text) is not qualityStyleCurrentName then error "WPSC_QUALITY_STYLE_IDENTITY_UNVERIFIED"
full-snapshot-candidate:279: set end of qualityLayout to {"style",name local of qstyle as text,description of qstyle as text,automatically update of qstyle}
full-snapshot-candidate:272: set qualityStyleCurrentName to item qualityStyleOrdinal of qualityStyleNames as text
full-snapshot-candidate:273: set qualityStyleIsInUse to item qualityStyleOrdinal of qualityStyleInUseFlags
full-snapshot-candidate:274: set qualityStyleIsBuiltin to item qualityStyleOrdinal of qualityStyleBuiltinFlags
full-snapshot-candidate:275: set end of qualityLayout to {"style-state",qualityStyleCurrentName,qualityStyleIsInUse,qualityStyleIsBuiltin}
full-snapshot-candidate:276: if qualityStyleIsInUse or not qualityStyleIsBuiltin then
full-snapshot-candidate:272: set qualityStyleCurrentName to item qualityStyleOrdinal of qualityStyleNames as text
full-snapshot-candidate:273: set qualityStyleIsInUse to item qualityStyleOrdinal of qualityStyleInUseFlags
full-snapshot-candidate:274: set qualityStyleIsBuiltin to item qualityStyleOrdinal of qualityStyleBuiltinFlags
full-snapshot-candidate:275: set end of qualityLayout to {"style-state",qualityStyleCurrentName,qualityStyleIsInUse,qualityStyleIsBuiltin}
full-snapshot-candidate:276: if qualityStyleIsInUse or not qualityStyleIsBuiltin then
full-snapshot-candidate:272: set qualityStyleCurrentName to item qualityStyleOrdinal of qualityStyleNames as text
full-snapshot-candidate:273: set qualityStyleIsInUse to item qualityStyleOrdinal of qualityStyleInUseFlags
full-snapshot-candidate:274: set qualityStyleIsBuiltin to item qualityStyleOrdinal of qualityStyleBuiltinFlags
full-snapshot-candidate:275: set end of qualityLayout to {"style-state",qualityStyleCurrentName,qualityStyleIsInUse,qualityStyleIsBuiltin}
full-snapshot-candidate:276: if qualityStyleIsInUse or not qualityStyleIsBuiltin then
full-snapshot-candidate:272: set qualityStyleCurrentName to item qualityStyleOrdinal of qualityStyleNames as text
full-snapshot-candidate:273: set qualityStyleIsInUse to item qualityStyleOrdinal of qualityStyleInUseFlags
full-snapshot-candidate:274: set qualityStyleIsBuiltin to item qualityStyleOrdinal of qualityStyleBuiltinFlags
full-snapshot-candidate:275: set end of qualityLayout to {"style-state",qualityStyleCurrentName,qualityStyleIsInUse,qualityStyleIsBuiltin}
full-snapshot-candidate:276: if qualityStyleIsInUse or not qualityStyleIsBuiltin then
full-snapshot-candidate:272: set qualityStyleCurrentName to item qualityStyleOrdinal of qualityStyleNames as text
full-snapshot-candidate:273: set qualityStyleIsInUse to item qualityStyleOrdinal of qualityStyleInUseFlags
full-snapshot-candidate:274: set qualityStyleIsBuiltin to item qualityStyleOrdinal of qualityStyleBuiltinFlags
full-snapshot-candidate:275: set end of qualityLayout to {"style-state",qualityStyleCurrentName,qualityStyleIsInUse,qualityStyleIsBuiltin}
full-snapshot-candidate:276: if qualityStyleIsInUse or not qualityStyleIsBuiltin then
full-snapshot-candidate:272: set qualityStyleCurrentName to item qualityStyleOrdinal of qualityStyleNames as text
full-snapshot-candidate:273: set qualityStyleIsInUse to item qualityStyleOrdinal of qualityStyleInUseFlags
full-snapshot-candidate:274: set qualityStyleIsBuiltin to item qualityStyleOrdinal of qualityStyleBuiltinFlags
full-snapshot-candidate:275: set end of qualityLayout to {"style-state",qualityStyleCurrentName,qualityStyleIsInUse,qualityStyleIsBuiltin}
full-snapshot-candidate:276: if qualityStyleIsInUse or not qualityStyleIsBuiltin then
full-snapshot-candidate:272: set qualityStyleCurrentName to item qualityStyleOrdinal of qualityStyleNames as text
full-snapshot-candidate:273: set qualityStyleIsInUse to item qualityStyleOrdinal of qualityStyleInUseFlags
full-snapshot-candidate:274: set qualityStyleIsBuiltin to item qualityStyleOrdinal of qualityStyleBuiltinFlags
full-snapshot-candidate:275: set end of qualityLayout to {"style-state",qualityStyleCurrentName,qualityStyleIsInUse,qualityStyleIsBuiltin}
full-snapshot-candidate:276: if qualityStyleIsInUse or not qualityStyleIsBuiltin then
full-snapshot-candidate:272: set qualityStyleCurrentName to item qualityStyleOrdinal of qualityStyleNames as text
full-snapshot-candidate:273: set qualityStyleIsInUse to item qualityStyleOrdinal of qualityStyleInUseFlags
full-snapshot-candidate:274: set qualityStyleIsBuiltin to item qualityStyleOrdinal of qualityStyleBuiltinFlags
full-snapshot-candidate:275: set end of qualityLayout to {"style-state",qualityStyleCurrentName,qualityStyleIsInUse,qualityStyleIsBuiltin}
full-snapshot-candidate:276: if qualityStyleIsInUse or not qualityStyleIsBuiltin then
full-snapshot-candidate:272: set qualityStyleCurrentName to item qualityStyleOrdinal of qualityStyleNames as text
full-snapshot-candidate:273: set qualityStyleIsInUse to item qualityStyleOrdinal of qualityStyleInUseFlags
full-snapshot-candidate:274: set qualityStyleIsBuiltin to item qualityStyleOrdinal of qualityStyleBuiltinFlags
full-snapshot-candidate:275: set end of qualityLayout to {"style-state",qualityStyleCurrentName,qualityStyleIsInUse,qualityStyleIsBuiltin}
full-snapshot-candidate:276: if qualityStyleIsInUse or not qualityStyleIsBuiltin then
full-snapshot-candidate:272: set qualityStyleCurrentName to item qualityStyleOrdinal of qualityStyleNames as text
full-snapshot-candidate:273: set qualityStyleIsInUse to item qualityStyleOrdinal of qualityStyleInUseFlags
full-snapshot-candidate:274: set qualityStyleIsBuiltin to item qualityStyleOrdinal of qualityStyleBuiltinFlags
full-snapshot-candidate:275: set end of qualityLayout to {"style-state",qualityStyleCurrentName,qualityStyleIsInUse,qualityStyleIsBuiltin}
full-snapshot-candidate:276: if qualityStyleIsInUse or not qualityStyleIsBuiltin then
full-snapshot-candidate:272: set qualityStyleCurrentName to item qualityStyleOrdinal of qualityStyleNames as text
full-snapshot-candidate:273: set qualityStyleIsInUse to item qualityStyleOrdinal of qualityStyleInUseFlags
full-snapshot-candidate:274: set qualityStyleIsBuiltin to item qualityStyleOrdinal of qualityStyleBuiltinFlags
full-snapshot-candidate:275: set end of qualityLayout to {"style-state",qualityStyleCurrentName,qualityStyleIsInUse,qualityStyleIsBuiltin}
full-snapshot-candidate:276: if qualityStyleIsInUse or not qualityStyleIsBuiltin then
full-snapshot-candidate:272: set qualityStyleCurrentName to item qualityStyleOrdinal of qualityStyleNames as text
full-snapshot-candidate:273: set qualityStyleIsInUse to item qualityStyleOrdinal of qualityStyleInUseFlags
full-snapshot-candidate:274: set qualityStyleIsBuiltin to item qualityStyleOrdinal of qualityStyleBuiltinFlags
full-snapshot-candidate:275: set end of qualityLayout to {"style-state",qualityStyleCurrentName,qualityStyleIsInUse,qualityStyleIsBuiltin}
full-snapshot-candidate:276: if qualityStyleIsInUse or not qualityStyleIsBuiltin then
full-snapshot-candidate:272: set qualityStyleCurrentName to item qualityStyleOrdinal of qualityStyleNames as text
full-snapshot-candidate:273: set qualityStyleIsInUse to item qualityStyleOrdinal of qualityStyleInUseFlags
full-snapshot-candidate:274: set qualityStyleIsBuiltin to item qualityStyleOrdinal of qualityStyleBuiltinFlags
full-snapshot-candidate:275: set end of qualityLayout to {"style-state",qualityStyleCurrentName,qualityStyleIsInUse,qualityStyleIsBuiltin}
full-snapshot-candidate:276: if qualityStyleIsInUse or not qualityStyleIsBuiltin then
full-snapshot-candidate:272: set qualityStyleCurrentName to item qualityStyleOrdinal of qualityStyleNames as text
full-snapshot-candidate:273: set qualityStyleIsInUse to item qualityStyleOrdinal of qualityStyleInUseFlags
full-snapshot-candidate:274: set qualityStyleIsBuiltin to item qualityStyleOrdinal of qualityStyleBuiltinFlags
full-snapshot-candidate:275: set end of qualityLayout to {"style-state",qualityStyleCurrentName,qualityStyleIsInUse,qualityStyleIsBuiltin}
full-snapshot-candidate:276: if qualityStyleIsInUse or not qualityStyleIsBuiltin then
full-snapshot-candidate:272: set qualityStyleCurrentName to item qualityStyleOrdinal of qualityStyleNames as text
full-snapshot-candidate:273: set qualityStyleIsInUse to item qualityStyleOrdinal of qualityStyleInUseFlags
full-snapshot-candidate:274: set qualityStyleIsBuiltin to item qualityStyleOrdinal of qualityStyleBuiltinFlags
full-snapshot-candidate:275: set end of qualityLayout to {"style-state",qualityStyleCurrentName,qualityStyleIsInUse,qualityStyleIsBuiltin}
full-snapshot-candidate:276: if qualityStyleIsInUse or not qualityStyleIsBuiltin then
full-snapshot-candidate:272: set qualityStyleCurrentName to item qualityStyleOrdinal of qualityStyleNames as text
full-snapshot-candidate:273: set qualityStyleIsInUse to item qualityStyleOrdinal of qualityStyleInUseFlags
full-snapshot-candidate:274: set qualityStyleIsBuiltin to item qualityStyleOrdinal of qualityStyleBuiltinFlags
full-snapshot-candidate:275: set end of qualityLayout to {"style-state",qualityStyleCurrentName,qualityStyleIsInUse,qualityStyleIsBuiltin}
full-snapshot-candidate:276: if qualityStyleIsInUse or not qualityStyleIsBuiltin then
full-snapshot-candidate:272: set qualityStyleCurrentName to item qualityStyleOrdinal of qualityStyleNames as text
full-snapshot-candidate:273: set qualityStyleIsInUse to item qualityStyleOrdinal of qualityStyleInUseFlags
full-snapshot-candidate:274: set qualityStyleIsBuiltin to item qualityStyleOrdinal of qualityStyleBuiltinFlags
full-snapshot-candidate:275: set end of qualityLayout to {"style-state",qualityStyleCurrentName,qualityStyleIsInUse,qualityStyleIsBuiltin}
full-snapshot-candidate:276: if qualityStyleIsInUse or not qualityStyleIsBuiltin then
full-snapshot-candidate:272: set qualityStyleCurrentName to item qualityStyleOrdinal of qualityStyleNames as text
full-snapshot-candidate:273: set qualityStyleIsInUse to item qualityStyleOrdinal of qualityStyleInUseFlags
full-snapshot-candidate:274: set qualityStyleIsBuiltin to item qualityStyleOrdinal of qualityStyleBuiltinFlags
full-snapshot-candidate:275: set end of qualityLayout to {"style-state",qualityStyleCurrentName,qualityStyleIsInUse,qualityStyleIsBuiltin}
full-snapshot-candidate:276: if qualityStyleIsInUse or not qualityStyleIsBuiltin then
full-snapshot-candidate:272: set qualityStyleCurrentName to item qualityStyleOrdinal of qualityStyleNames as text
full-snapshot-candidate:273: set qualityStyleIsInUse to item qualityStyleOrdinal of qualityStyleInUseFlags
full-snapshot-candidate:274: set qualityStyleIsBuiltin to item qualityStyleOrdinal of qualityStyleBuiltinFlags
full-snapshot-candidate:275: set end of qualityLayout to {"style-state",qualityStyleCurrentName,qualityStyleIsInUse,qualityStyleIsBuiltin}
full-snapshot-candidate:276: if qualityStyleIsInUse or not qualityStyleIsBuiltin then
full-snapshot-candidate:272: set qualityStyleCurrentName to item qualityStyleOrdinal of qualityStyleNames as text
full-snapshot-candidate:273: set qualityStyleIsInUse to item qualityStyleOrdinal of qualityStyleInUseFlags
full-snapshot-candidate:274: set qualityStyleIsBuiltin to item qualityStyleOrdinal of qualityStyleBuiltinFlags
full-snapshot-candidate:275: set end of qualityLayout to {"style-state",qualityStyleCurrentName,qualityStyleIsInUse,qualityStyleIsBuiltin}
full-snapshot-candidate:276: if qualityStyleIsInUse or not qualityStyleIsBuiltin then
full-snapshot-candidate:272: set qualityStyleCurrentName to item qualityStyleOrdinal of qualityStyleNames as text
full-snapshot-candidate:273: set qualityStyleIsInUse to item qualityStyleOrdinal of qualityStyleInUseFlags
full-snapshot-candidate:274: set qualityStyleIsBuiltin to item qualityStyleOrdinal of qualityStyleBuiltinFlags
full-snapshot-candidate:275: set end of qualityLayout to {"style-state",qualityStyleCurrentName,qualityStyleIsInUse,qualityStyleIsBuiltin}
full-snapshot-candidate:276: if qualityStyleIsInUse or not qualityStyleIsBuiltin then
full-snapshot-candidate:272: set qualityStyleCurrentName to item qualityStyleOrdinal of qualityStyleNames as text
full-snapshot-candidate:273: set qualityStyleIsInUse to item qualityStyleOrdinal of qualityStyleInUseFlags
full-snapshot-candidate:274: set qualityStyleIsBuiltin to item qualityStyleOrdinal of qualityStyleBuiltinFlags
full-snapshot-candidate:275: set end of qualityLayout to {"style-state",qualityStyleCurrentName,qualityStyleIsInUse,qualityStyleIsBuiltin}
full-snapshot-candidate:276: if qualityStyleIsInUse or not qualityStyleIsBuiltin then
full-snapshot-candidate:272: set qualityStyleCurrentName to item qualityStyleOrdinal of qualityStyleNames as text
full-snapshot-candidate:273: set qualityStyleIsInUse to item qualityStyleOrdinal of qualityStyleInUseFlags
full-snapshot-candidate:274: set qualityStyleIsBuiltin to item qualityStyleOrdinal of qualityStyleBuiltinFlags
full-snapshot-candidate:275: set end of qualityLayout to {"style-state",qualityStyleCurrentName,qualityStyleIsInUse,qualityStyleIsBuiltin}
full-snapshot-candidate:276: if qualityStyleIsInUse or not qualityStyleIsBuiltin then
full-snapshot-candidate:272: set qualityStyleCurrentName to item qualityStyleOrdinal of qualityStyleNames as text
full-snapshot-candidate:273: set qualityStyleIsInUse to item qualityStyleOrdinal of qualityStyleInUseFlags
full-snapshot-candidate:274: set qualityStyleIsBuiltin to item qualityStyleOrdinal of qualityStyleBuiltinFlags
full-snapshot-candidate:275: set end of qualityLayout to {"style-state",qualityStyleCurrentName,qualityStyleIsInUse,qualityStyleIsBuiltin}
full-snapshot-candidate:276: if qualityStyleIsInUse or not qualityStyleIsBuiltin then
full-snapshot-candidate:272: set qualityStyleCurrentName to item qualityStyleOrdinal of qualityStyleNames as text
full-snapshot-candidate:273: set qualityStyleIsInUse to item qualityStyleOrdinal of qualityStyleInUseFlags
full-snapshot-candidate:274: set qualityStyleIsBuiltin to item qualityStyleOrdinal of qualityStyleBuiltinFlags
full-snapshot-candidate:275: set end of qualityLayout to {"style-state",qualityStyleCurrentName,qualityStyleIsInUse,qualityStyleIsBuiltin}
full-snapshot-candidate:276: if qualityStyleIsInUse or not qualityStyleIsBuiltin then
full-snapshot-candidate:272: set qualityStyleCurrentName to item qualityStyleOrdinal of qualityStyleNames as text
full-snapshot-candidate:273: set qualityStyleIsInUse to item qualityStyleOrdinal of qualityStyleInUseFlags
full-snapshot-candidate:274: set qualityStyleIsBuiltin to item qualityStyleOrdinal of qualityStyleBuiltinFlags
full-snapshot-candidate:275: set end of qualityLayout to {"style-state",qualityStyleCurrentName,qualityStyleIsInUse,qualityStyleIsBuiltin}
full-snapshot-candidate:276: if qualityStyleIsInUse or not qualityStyleIsBuiltin then
full-snapshot-candidate:272: set qualityStyleCurrentName to item qualityStyleOrdinal of qualityStyleNames as text
full-snapshot-candidate:273: set qualityStyleIsInUse to item qualityStyleOrdinal of qualityStyleInUseFlags
full-snapshot-candidate:274: set qualityStyleIsBuiltin to item qualityStyleOrdinal of qualityStyleBuiltinFlags
full-snapshot-candidate:275: set end of qualityLayout to {"style-state",qualityStyleCurrentName,qualityStyleIsInUse,qualityStyleIsBuiltin}
full-snapshot-candidate:276: if qualityStyleIsInUse or not qualityStyleIsBuiltin then
full-snapshot-candidate:272: set qualityStyleCurrentName to item qualityStyleOrdinal of qualityStyleNames as text
full-snapshot-candidate:273: set qualityStyleIsInUse to item qualityStyleOrdinal of qualityStyleInUseFlags
full-snapshot-candidate:274: set qualityStyleIsBuiltin to item qualityStyleOrdinal of qualityStyleBuiltinFlags
full-snapshot-candidate:275: set end of qualityLayout to {"style-state",qualityStyleCurrentName,qualityStyleIsInUse,qualityStyleIsBuiltin}
full-snapshot-candidate:276: if qualityStyleIsInUse or not qualityStyleIsBuiltin then
full-snapshot-candidate:272: set qualityStyleCurrentName to item qualityStyleOrdinal of qualityStyleNames as text
full-snapshot-candidate:273: set qualityStyleIsInUse to item qualityStyleOrdinal of qualityStyleInUseFlags
full-snapshot-candidate:274: set qualityStyleIsBuiltin to item qualityStyleOrdinal of qualityStyleBuiltinFlags
full-snapshot-candidate:275: set end of qualityLayout to {"style-state",qualityStyleCurrentName,qualityStyleIsInUse,qualityStyleIsBuiltin}
full-snapshot-candidate:276: if qualityStyleIsInUse or not qualityStyleIsBuiltin then
full-snapshot-candidate:272: set qualityStyleCurrentName to item qualityStyleOrdinal of qualityStyleNames as text
full-snapshot-candidate:273: set qualityStyleIsInUse to item qualityStyleOrdinal of qualityStyleInUseFlags
full-snapshot-candidate:274: set qualityStyleIsBuiltin to item qualityStyleOrdinal of qualityStyleBuiltinFlags
full-snapshot-candidate:275: set end of qualityLayout to {"style-state",qualityStyleCurrentName,qualityStyleIsInUse,qualityStyleIsBuiltin}
full-snapshot-candidate:276: if qualityStyleIsInUse or not qualityStyleIsBuiltin then
full-snapshot-candidate:272: set qualityStyleCurrentName to item qualityStyleOrdinal of qualityStyleNames as text
full-snapshot-candidate:273: set qualityStyleIsInUse to item qualityStyleOrdinal of qualityStyleInUseFlags
full-snapshot-candidate:274: set qualityStyleIsBuiltin to item qualityStyleOrdinal of qualityStyleBuiltinFlags
full-snapshot-candidate:275: set end of qualityLayout to {"style-state",qualityStyleCurrentName,qualityStyleIsInUse,qualityStyleIsBuiltin}
full-snapshot-candidate:276: if qualityStyleIsInUse or not qualityStyleIsBuiltin then
full-snapshot-candidate:272: set qualityStyleCurrentName to item qualityStyleOrdinal of qualityStyleNames as text
full-snapshot-candidate:273: set qualityStyleIsInUse to item qualityStyleOrdinal of qualityStyleInUseFlags
full-snapshot-candidate:274: set qualityStyleIsBuiltin to item qualityStyleOrdinal of qualityStyleBuiltinFlags
full-snapshot-candidate:275: set end of qualityLayout to {"style-state",qualityStyleCurrentName,qualityStyleIsInUse,qualityStyleIsBuiltin}
full-snapshot-candidate:276: if qualityStyleIsInUse or not qualityStyleIsBuiltin then
full-snapshot-candidate:272: set qualityStyleCurrentName to item qualityStyleOrdinal of qualityStyleNames as text
full-snapshot-candidate:273: set qualityStyleIsInUse to item qualityStyleOrdinal of qualityStyleInUseFlags
full-snapshot-candidate:274: set qualityStyleIsBuiltin to item qualityStyleOrdinal of qualityStyleBuiltinFlags
full-snapshot-candidate:275: set end of qualityLayout to {"style-state",qualityStyleCurrentName,qualityStyleIsInUse,qualityStyleIsBuiltin}
full-snapshot-candidate:276: if qualityStyleIsInUse or not qualityStyleIsBuiltin then
full-snapshot-candidate:272: set qualityStyleCurrentName to item qualityStyleOrdinal of qualityStyleNames as text
full-snapshot-candidate:273: set qualityStyleIsInUse to item qualityStyleOrdinal of qualityStyleInUseFlags
full-snapshot-candidate:274: set qualityStyleIsBuiltin to item qualityStyleOrdinal of qualityStyleBuiltinFlags
full-snapshot-candidate:275: set end of qualityLayout to {"style-state",qualityStyleCurrentName,qualityStyleIsInUse,qualityStyleIsBuiltin}
full-snapshot-candidate:276: if qualityStyleIsInUse or not qualityStyleIsBuiltin then
full-snapshot-candidate:272: set qualityStyleCurrentName to item qualityStyleOrdinal of qualityStyleNames as text
full-snapshot-candidate:273: set qualityStyleIsInUse to item qualityStyleOrdinal of qualityStyleInUseFlags
full-snapshot-candidate:274: set qualityStyleIsBuiltin to item qualityStyleOrdinal of qualityStyleBuiltinFlags
full-snapshot-candidate:275: set end of qualityLayout to {"style-state",qualityStyleCurrentName,qualityStyleIsInUse,qualityStyleIsBuiltin}
full-snapshot-candidate:276: if qualityStyleIsInUse or not qualityStyleIsBuiltin then
full-snapshot-candidate:272: set qualityStyleCurrentName to item qualityStyleOrdinal of qualityStyleNames as text
full-snapshot-candidate:273: set qualityStyleIsInUse to item qualityStyleOrdinal of qualityStyleInUseFlags
full-snapshot-candidate:274: set qualityStyleIsBuiltin to item qualityStyleOrdinal of qualityStyleBuiltinFlags
full-snapshot-candidate:275: set end of qualityLayout to {"style-state",qualityStyleCurrentName,qualityStyleIsInUse,qualityStyleIsBuiltin}
full-snapshot-candidate:276: if qualityStyleIsInUse or not qualityStyleIsBuiltin then
full-snapshot-candidate:272: set qualityStyleCurrentName to item qualityStyleOrdinal of qualityStyleNames as text
full-snapshot-candidate:273: set qualityStyleIsInUse to item qualityStyleOrdinal of qualityStyleInUseFlags
full-snapshot-candidate:274: set qualityStyleIsBuiltin to item qualityStyleOrdinal of qualityStyleBuiltinFlags
full-snapshot-candidate:275: set end of qualityLayout to {"style-state",qualityStyleCurrentName,qualityStyleIsInUse,qualityStyleIsBuiltin}
full-snapshot-candidate:276: if qualityStyleIsInUse or not qualityStyleIsBuiltin then
full-snapshot-candidate:272: set qualityStyleCurrentName to item qualityStyleOrdinal of qualityStyleNames as text
full-snapshot-candidate:273: set qualityStyleIsInUse to item qualityStyleOrdinal of qualityStyleInUseFlags
full-snapshot-candidate:274: set qualityStyleIsBuiltin to item qualityStyleOrdinal of qualityStyleBuiltinFlags
full-snapshot-candidate:275: set end of qualityLayout to {"style-state",qualityStyleCurrentName,qualityStyleIsInUse,qualityStyleIsBuiltin}
full-snapshot-candidate:276: if qualityStyleIsInUse or not qualityStyleIsBuiltin then
full-snapshot-candidate:272: set qualityStyleCurrentName to item qualityStyleOrdinal of qualityStyleNames as text
full-snapshot-candidate:273: set qualityStyleIsInUse to item qualityStyleOrdinal of qualityStyleInUseFlags
full-snapshot-candidate:274: set qualityStyleIsBuiltin to item qualityStyleOrdinal of qualityStyleBuiltinFlags
full-snapshot-candidate:275: set end of qualityLayout to {"style-state",qualityStyleCurrentName,qualityStyleIsInUse,qualityStyleIsBuiltin}
full-snapshot-candidate:276: if qualityStyleIsInUse or not qualityStyleIsBuiltin then
full-snapshot-candidate:272: set qualityStyleCurrentName to item qualityStyleOrdinal of qualityStyleNames as text
full-snapshot-candidate:273: set qualityStyleIsInUse to item qualityStyleOrdinal of qualityStyleInUseFlags
full-snapshot-candidate:274: set qualityStyleIsBuiltin to item qualityStyleOrdinal of qualityStyleBuiltinFlags
full-snapshot-candidate:275: set end of qualityLayout to {"style-state",qualityStyleCurrentName,qualityStyleIsInUse,qualityStyleIsBuiltin}
full-snapshot-candidate:276: if qualityStyleIsInUse or not qualityStyleIsBuiltin then
full-snapshot-candidate:272: set qualityStyleCurrentName to item qualityStyleOrdinal of qualityStyleNames as text
full-snapshot-candidate:273: set qualityStyleIsInUse to item qualityStyleOrdinal of qualityStyleInUseFlags
full-snapshot-candidate:274: set qualityStyleIsBuiltin to item qualityStyleOrdinal of qualityStyleBuiltinFlags
full-snapshot-candidate:275: set end of qualityLayout to {"style-state",qualityStyleCurrentName,qualityStyleIsInUse,qualityStyleIsBuiltin}
full-snapshot-candidate:276: if qualityStyleIsInUse or not qualityStyleIsBuiltin then
full-snapshot-candidate:272: set qualityStyleCurrentName to item qualityStyleOrdinal of qualityStyleNames as text
full-snapshot-candidate:273: set qualityStyleIsInUse to item qualityStyleOrdinal of qualityStyleInUseFlags
full-snapshot-candidate:274: set qualityStyleIsBuiltin to item qualityStyleOrdinal of qualityStyleBuiltinFlags
full-snapshot-candidate:275: set end of qualityLayout to {"style-state",qualityStyleCurrentName,qualityStyleIsInUse,qualityStyleIsBuiltin}
full-snapshot-candidate:276: if qualityStyleIsInUse or not qualityStyleIsBuiltin then
full-snapshot-candidate:272: set qualityStyleCurrentName to item qualityStyleOrdinal of qualityStyleNames as text
full-snapshot-candidate:273: set qualityStyleIsInUse to item qualityStyleOrdinal of qualityStyleInUseFlags
full-snapshot-candidate:274: set qualityStyleIsBuiltin to item qualityStyleOrdinal of qualityStyleBuiltinFlags
full-snapshot-candidate:275: set end of qualityLayout to {"style-state",qualityStyleCurrentName,qualityStyleIsInUse,qualityStyleIsBuiltin}
full-snapshot-candidate:276: if qualityStyleIsInUse or not qualityStyleIsBuiltin then
full-snapshot-candidate:272: set qualityStyleCurrentName to item qualityStyleOrdinal of qualityStyleNames as text
full-snapshot-candidate:273: set qualityStyleIsInUse to item qualityStyleOrdinal of qualityStyleInUseFlags
full-snapshot-candidate:274: set qualityStyleIsBuiltin to item qualityStyleOrdinal of qualityStyleBuiltinFlags
full-snapshot-candidate:275: set end of qualityLayout to {"style-state",qualityStyleCurrentName,qualityStyleIsInUse,qualityStyleIsBuiltin}
full-snapshot-candidate:276: if qualityStyleIsInUse or not qualityStyleIsBuiltin then
full-snapshot-candidate:272: set qualityStyleCurrentName to item qualityStyleOrdinal of qualityStyleNames as text
full-snapshot-candidate:273: set qualityStyleIsInUse to item qualityStyleOrdinal of qualityStyleInUseFlags
full-snapshot-candidate:274: set qualityStyleIsBuiltin to item qualityStyleOrdinal of qualityStyleBuiltinFlags
full-snapshot-candidate:275: set end of qualityLayout to {"style-state",qualityStyleCurrentName,qualityStyleIsInUse,qualityStyleIsBuiltin}
full-snapshot-candidate:276: if qualityStyleIsInUse or not qualityStyleIsBuiltin then
full-snapshot-candidate:272: set qualityStyleCurrentName to item qualityStyleOrdinal of qualityStyleNames as text
full-snapshot-candidate:273: set qualityStyleIsInUse to item qualityStyleOrdinal of qualityStyleInUseFlags
full-snapshot-candidate:274: set qualityStyleIsBuiltin to item qualityStyleOrdinal of qualityStyleBuiltinFlags
full-snapshot-candidate:275: set end of qualityLayout to {"style-state",qualityStyleCurrentName,qualityStyleIsInUse,qualityStyleIsBuiltin}
full-snapshot-candidate:276: if qualityStyleIsInUse or not qualityStyleIsBuiltin then
full-snapshot-candidate:272: set qualityStyleCurrentName to item qualityStyleOrdinal of qualityStyleNames as text
full-snapshot-candidate:273: set qualityStyleIsInUse to item qualityStyleOrdinal of qualityStyleInUseFlags
full-snapshot-candidate:274: set qualityStyleIsBuiltin to item qualityStyleOrdinal of qualityStyleBuiltinFlags
full-snapshot-candidate:275: set end of qualityLayout to {"style-state",qualityStyleCurrentName,qualityStyleIsInUse,qualityStyleIsBuiltin}
full-snapshot-candidate:276: if qualityStyleIsInUse or not qualityStyleIsBuiltin then
full-snapshot-candidate:272: set qualityStyleCurrentName to item qualityStyleOrdinal of qualityStyleNames as text
full-snapshot-candidate:273: set qualityStyleIsInUse to item qualityStyleOrdinal of qualityStyleInUseFlags
full-snapshot-candidate:274: set qualityStyleIsBuiltin to item qualityStyleOrdinal of qualityStyleBuiltinFlags
full-snapshot-candidate:275: set end of qualityLayout to {"style-state",qualityStyleCurrentName,qualityStyleIsInUse,qualityStyleIsBuiltin}
full-snapshot-candidate:276: if qualityStyleIsInUse or not qualityStyleIsBuiltin then
full-snapshot-candidate:272: set qualityStyleCurrentName to item qualityStyleOrdinal of qualityStyleNames as text
full-snapshot-candidate:273: set qualityStyleIsInUse to item qualityStyleOrdinal of qualityStyleInUseFlags
full-snapshot-candidate:274: set qualityStyleIsBuiltin to item qualityStyleOrdinal of qualityStyleBuiltinFlags
full-snapshot-candidate:275: set end of qualityLayout to {"style-state",qualityStyleCurrentName,qualityStyleIsInUse,qualityStyleIsBuiltin}
full-snapshot-candidate:276: if qualityStyleIsInUse or not qualityStyleIsBuiltin then
full-snapshot-candidate:272: set qualityStyleCurrentName to item qualityStyleOrdinal of qualityStyleNames as text
full-snapshot-candidate:273: set qualityStyleIsInUse to item qualityStyleOrdinal of qualityStyleInUseFlags
full-snapshot-candidate:274: set qualityStyleIsBuiltin to item qualityStyleOrdinal of qualityStyleBuiltinFlags
full-snapshot-candidate:275: set end of qualityLayout to {"style-state",qualityStyleCurrentName,qualityStyleIsInUse,qualityStyleIsBuiltin}
full-snapshot-candidate:276: if qualityStyleIsInUse or not qualityStyleIsBuiltin then
full-snapshot-candidate:272: set qualityStyleCurrentName to item qualityStyleOrdinal of qualityStyleNames as text
full-snapshot-candidate:273: set qualityStyleIsInUse to item qualityStyleOrdinal of qualityStyleInUseFlags
full-snapshot-candidate:274: set qualityStyleIsBuiltin to item qualityStyleOrdinal of qualityStyleBuiltinFlags
full-snapshot-candidate:275: set end of qualityLayout to {"style-state",qualityStyleCurrentName,qualityStyleIsInUse,qualityStyleIsBuiltin}
full-snapshot-candidate:276: if qualityStyleIsInUse or not qualityStyleIsBuiltin then
full-snapshot-candidate:272: set qualityStyleCurrentName to item qualityStyleOrdinal of qualityStyleNames as text
full-snapshot-candidate:273: set qualityStyleIsInUse to item qualityStyleOrdinal of qualityStyleInUseFlags
full-snapshot-candidate:274: set qualityStyleIsBuiltin to item qualityStyleOrdinal of qualityStyleBuiltinFlags
full-snapshot-candidate:275: set end of qualityLayout to {"style-state",qualityStyleCurrentName,qualityStyleIsInUse,qualityStyleIsBuiltin}
full-snapshot-candidate:276: if qualityStyleIsInUse or not qualityStyleIsBuiltin then
full-snapshot-candidate:272: set qualityStyleCurrentName to item qualityStyleOrdinal of qualityStyleNames as text
full-snapshot-candidate:273: set qualityStyleIsInUse to item qualityStyleOrdinal of qualityStyleInUseFlags
full-snapshot-candidate:274: set qualityStyleIsBuiltin to item qualityStyleOrdinal of qualityStyleBuiltinFlags
full-snapshot-candidate:275: set end of qualityLayout to {"style-state",qualityStyleCurrentName,qualityStyleIsInUse,qualityStyleIsBuiltin}
full-snapshot-candidate:276: if qualityStyleIsInUse or not qualityStyleIsBuiltin then
full-snapshot-candidate:272: set qualityStyleCurrentName to item qualityStyleOrdinal of qualityStyleNames as text
full-snapshot-candidate:273: set qualityStyleIsInUse to item qualityStyleOrdinal of qualityStyleInUseFlags
full-snapshot-candidate:274: set qualityStyleIsBuiltin to item qualityStyleOrdinal of qualityStyleBuiltinFlags
full-snapshot-candidate:275: set end of qualityLayout to {"style-state",qualityStyleCurrentName,qualityStyleIsInUse,qualityStyleIsBuiltin}
full-snapshot-candidate:276: if qualityStyleIsInUse or not qualityStyleIsBuiltin then
full-snapshot-candidate:272: set qualityStyleCurrentName to item qualityStyleOrdinal of qualityStyleNames as text
full-snapshot-candidate:273: set qualityStyleIsInUse to item qualityStyleOrdinal of qualityStyleInUseFlags
full-snapshot-candidate:274: set qualityStyleIsBuiltin to item qualityStyleOrdinal of qualityStyleBuiltinFlags
full-snapshot-candidate:275: set end of qualityLayout to {"style-state",qualityStyleCurrentName,qualityStyleIsInUse,qualityStyleIsBuiltin}
full-snapshot-candidate:276: if qualityStyleIsInUse or not qualityStyleIsBuiltin then
full-snapshot-candidate:272: set qualityStyleCurrentName to item qualityStyleOrdinal of qualityStyleNames as text
full-snapshot-candidate:273: set qualityStyleIsInUse to item qualityStyleOrdinal of qualityStyleInUseFlags
full-snapshot-candidate:274: set qualityStyleIsBuiltin to item qualityStyleOrdinal of qualityStyleBuiltinFlags
full-snapshot-candidate:275: set end of qualityLayout to {"style-state",qualityStyleCurrentName,qualityStyleIsInUse,qualityStyleIsBuiltin}
full-snapshot-candidate:276: if qualityStyleIsInUse or not qualityStyleIsBuiltin then
full-snapshot-candidate:272: set qualityStyleCurrentName to item qualityStyleOrdinal of qualityStyleNames as text
full-snapshot-candidate:273: set qualityStyleIsInUse to item qualityStyleOrdinal of qualityStyleInUseFlags
full-snapshot-candidate:274: set qualityStyleIsBuiltin to item qualityStyleOrdinal of qualityStyleBuiltinFlags
full-snapshot-candidate:275: set end of qualityLayout to {"style-state",qualityStyleCurrentName,qualityStyleIsInUse,qualityStyleIsBuiltin}
full-snapshot-candidate:276: if qualityStyleIsInUse or not qualityStyleIsBuiltin then
full-snapshot-candidate:272: set qualityStyleCurrentName to item qualityStyleOrdinal of qualityStyleNames as text
full-snapshot-candidate:273: set qualityStyleIsInUse to item qualityStyleOrdinal of qualityStyleInUseFlags
full-snapshot-candidate:274: set qualityStyleIsBuiltin to item qualityStyleOrdinal of qualityStyleBuiltinFlags
full-snapshot-candidate:275: set end of qualityLayout to {"style-state",qualityStyleCurrentName,qualityStyleIsInUse,qualityStyleIsBuiltin}
full-snapshot-candidate:276: if qualityStyleIsInUse or not qualityStyleIsBuiltin then
full-snapshot-candidate:272: set qualityStyleCurrentName to item qualityStyleOrdinal of qualityStyleNames as text
full-snapshot-candidate:273: set qualityStyleIsInUse to item qualityStyleOrdinal of qualityStyleInUseFlags
full-snapshot-candidate:274: set qualityStyleIsBuiltin to item qualityStyleOrdinal of qualityStyleBuiltinFlags
full-snapshot-candidate:275: set end of qualityLayout to {"style-state",qualityStyleCurrentName,qualityStyleIsInUse,qualityStyleIsBuiltin}
full-snapshot-candidate:276: if qualityStyleIsInUse or not qualityStyleIsBuiltin then
full-snapshot-candidate:272: set qualityStyleCurrentName to item qualityStyleOrdinal of qualityStyleNames as text
full-snapshot-candidate:273: set qualityStyleIsInUse to item qualityStyleOrdinal of qualityStyleInUseFlags
full-snapshot-candidate:274: set qualityStyleIsBuiltin to item qualityStyleOrdinal of qualityStyleBuiltinFlags
full-snapshot-candidate:275: set end of qualityLayout to {"style-state",qualityStyleCurrentName,qualityStyleIsInUse,qualityStyleIsBuiltin}
full-snapshot-candidate:276: if qualityStyleIsInUse or not qualityStyleIsBuiltin then
full-snapshot-candidate:272: set qualityStyleCurrentName to item qualityStyleOrdinal of qualityStyleNames as text
full-snapshot-candidate:273: set qualityStyleIsInUse to item qualityStyleOrdinal of qualityStyleInUseFlags
full-snapshot-candidate:274: set qualityStyleIsBuiltin to item qualityStyleOrdinal of qualityStyleBuiltinFlags
full-snapshot-candidate:275: set end of qualityLayout to {"style-state",qualityStyleCurrentName,qualityStyleIsInUse,qualityStyleIsBuiltin}
full-snapshot-candidate:276: if qualityStyleIsInUse or not qualityStyleIsBuiltin then
full-snapshot-candidate:272: set qualityStyleCurrentName to item qualityStyleOrdinal of qualityStyleNames as text
full-snapshot-candidate:273: set qualityStyleIsInUse to item qualityStyleOrdinal of qualityStyleInUseFlags
full-snapshot-candidate:274: set qualityStyleIsBuiltin to item qualityStyleOrdinal of qualityStyleBuiltinFlags
full-snapshot-candidate:275: set end of qualityLayout to {"style-state",qualityStyleCurrentName,qualityStyleIsInUse,qualityStyleIsBuiltin}
full-snapshot-candidate:276: if qualityStyleIsInUse or not qualityStyleIsBuiltin then
full-snapshot-candidate:272: set qualityStyleCurrentName to item qualityStyleOrdinal of qualityStyleNames as text
full-snapshot-candidate:273: set qualityStyleIsInUse to item qualityStyleOrdinal of qualityStyleInUseFlags
full-snapshot-candidate:274: set qualityStyleIsBuiltin to item qualityStyleOrdinal of qualityStyleBuiltinFlags
full-snapshot-candidate:275: set end of qualityLayout to {"style-state",qualityStyleCurrentName,qualityStyleIsInUse,qualityStyleIsBuiltin}
full-snapshot-candidate:276: if qualityStyleIsInUse or not qualityStyleIsBuiltin then
full-snapshot-candidate:272: set qualityStyleCurrentName to item qualityStyleOrdinal of qualityStyleNames as text
full-snapshot-candidate:273: set qualityStyleIsInUse to item qualityStyleOrdinal of qualityStyleInUseFlags
full-snapshot-candidate:274: set qualityStyleIsBuiltin to item qualityStyleOrdinal of qualityStyleBuiltinFlags
full-snapshot-candidate:275: set end of qualityLayout to {"style-state",qualityStyleCurrentName,qualityStyleIsInUse,qualityStyleIsBuiltin}
full-snapshot-candidate:276: if qualityStyleIsInUse or not qualityStyleIsBuiltin then
full-snapshot-candidate:272: set qualityStyleCurrentName to item qualityStyleOrdinal of qualityStyleNames as text
full-snapshot-candidate:273: set qualityStyleIsInUse to item qualityStyleOrdinal of qualityStyleInUseFlags
full-snapshot-candidate:274: set qualityStyleIsBuiltin to item qualityStyleOrdinal of qualityStyleBuiltinFlags
full-snapshot-candidate:275: set end of qualityLayout to {"style-state",qualityStyleCurrentName,qualityStyleIsInUse,qualityStyleIsBuiltin}
full-snapshot-candidate:276: if qualityStyleIsInUse or not qualityStyleIsBuiltin then
full-snapshot-candidate:272: set qualityStyleCurrentName to item qualityStyleOrdinal of qualityStyleNames as text
full-snapshot-candidate:273: set qualityStyleIsInUse to item qualityStyleOrdinal of qualityStyleInUseFlags
full-snapshot-candidate:274: set qualityStyleIsBuiltin to item qualityStyleOrdinal of qualityStyleBuiltinFlags
full-snapshot-candidate:275: set end of qualityLayout to {"style-state",qualityStyleCurrentName,qualityStyleIsInUse,qualityStyleIsBuiltin}
full-snapshot-candidate:276: if qualityStyleIsInUse or not qualityStyleIsBuiltin then
full-snapshot-candidate:272: set qualityStyleCurrentName to item qualityStyleOrdinal of qualityStyleNames as text
full-snapshot-candidate:273: set qualityStyleIsInUse to item qualityStyleOrdinal of qualityStyleInUseFlags
full-snapshot-candidate:274: set qualityStyleIsBuiltin to item qualityStyleOrdinal of qualityStyleBuiltinFlags
full-snapshot-candidate:275: set end of qualityLayout to {"style-state",qualityStyleCurrentName,qualityStyleIsInUse,qualityStyleIsBuiltin}
full-snapshot-candidate:276: if qualityStyleIsInUse or not qualityStyleIsBuiltin then
full-snapshot-candidate:272: set qualityStyleCurrentName to item qualityStyleOrdinal of qualityStyleNames as text
full-snapshot-candidate:273: set qualityStyleIsInUse to item qualityStyleOrdinal of qualityStyleInUseFlags
full-snapshot-candidate:274: set qualityStyleIsBuiltin to item qualityStyleOrdinal of qualityStyleBuiltinFlags
full-snapshot-candidate:275: set end of qualityLayout to {"style-state",qualityStyleCurrentName,qualityStyleIsInUse,qualityStyleIsBuiltin}
full-snapshot-candidate:276: if qualityStyleIsInUse or not qualityStyleIsBuiltin then
full-snapshot-candidate:272: set qualityStyleCurrentName to item qualityStyleOrdinal of qualityStyleNames as text
full-snapshot-candidate:273: set qualityStyleIsInUse to item qualityStyleOrdinal of qualityStyleInUseFlags
full-snapshot-candidate:274: set qualityStyleIsBuiltin to item qualityStyleOrdinal of qualityStyleBuiltinFlags
full-snapshot-candidate:275: set end of qualityLayout to {"style-state",qualityStyleCurrentName,qualityStyleIsInUse,qualityStyleIsBuiltin}
full-snapshot-candidate:276: if qualityStyleIsInUse or not qualityStyleIsBuiltin then
full-snapshot-candidate:272: set qualityStyleCurrentName to item qualityStyleOrdinal of qualityStyleNames as text
full-snapshot-candidate:273: set qualityStyleIsInUse to item qualityStyleOrdinal of qualityStyleInUseFlags
full-snapshot-candidate:274: set qualityStyleIsBuiltin to item qualityStyleOrdinal of qualityStyleBuiltinFlags
full-snapshot-candidate:275: set end of qualityLayout to {"style-state",qualityStyleCurrentName,qualityStyleIsInUse,qualityStyleIsBuiltin}
full-snapshot-candidate:276: if qualityStyleIsInUse or not qualityStyleIsBuiltin then
full-snapshot-candidate:272: set qualityStyleCurrentName to item qualityStyleOrdinal of qualityStyleNames as text
full-snapshot-candidate:273: set qualityStyleIsInUse to item qualityStyleOrdinal of qualityStyleInUseFlags
full-snapshot-candidate:274: set qualityStyleIsBuiltin to item qualityStyleOrdinal of qualityStyleBuiltinFlags
full-snapshot-candidate:275: set end of qualityLayout to {"style-state",qualityStyleCurrentName,qualityStyleIsInUse,qualityStyleIsBuiltin}
full-snapshot-candidate:276: if qualityStyleIsInUse or not qualityStyleIsBuiltin then
full-snapshot-candidate:272: set qualityStyleCurrentName to item qualityStyleOrdinal of qualityStyleNames as text
full-snapshot-candidate:273: set qualityStyleIsInUse to item qualityStyleOrdinal of qualityStyleInUseFlags
full-snapshot-candidate:274: set qualityStyleIsBuiltin to item qualityStyleOrdinal of qualityStyleBuiltinFlags
full-snapshot-candidate:275: set end of qualityLayout to {"style-state",qualityStyleCurrentName,qualityStyleIsInUse,qualityStyleIsBuiltin}
full-snapshot-candidate:276: if qualityStyleIsInUse or not qualityStyleIsBuiltin then
full-snapshot-candidate:272: set qualityStyleCurrentName to item qualityStyleOrdinal of qualityStyleNames as text
full-snapshot-candidate:273: set qualityStyleIsInUse to item qualityStyleOrdinal of qualityStyleInUseFlags
full-snapshot-candidate:274: set qualityStyleIsBuiltin to item qualityStyleOrdinal of qualityStyleBuiltinFlags
full-snapshot-candidate:275: set end of qualityLayout to {"style-state",qualityStyleCurrentName,qualityStyleIsInUse,qualityStyleIsBuiltin}
full-snapshot-candidate:276: if qualityStyleIsInUse or not qualityStyleIsBuiltin then
full-snapshot-candidate:272: set qualityStyleCurrentName to item qualityStyleOrdinal of qualityStyleNames as text
full-snapshot-candidate:273: set qualityStyleIsInUse to item qualityStyleOrdinal of qualityStyleInUseFlags
full-snapshot-candidate:274: set qualityStyleIsBuiltin to item qualityStyleOrdinal of qualityStyleBuiltinFlags
full-snapshot-candidate:275: set end of qualityLayout to {"style-state",qualityStyleCurrentName,qualityStyleIsInUse,qualityStyleIsBuiltin}
full-snapshot-candidate:276: if qualityStyleIsInUse or not qualityStyleIsBuiltin then
full-snapshot-candidate:272: set qualityStyleCurrentName to item qualityStyleOrdinal of qualityStyleNames as text
full-snapshot-candidate:273: set qualityStyleIsInUse to item qualityStyleOrdinal of qualityStyleInUseFlags
full-snapshot-candidate:274: set qualityStyleIsBuiltin to item qualityStyleOrdinal of qualityStyleBuiltinFlags
full-snapshot-candidate:275: set end of qualityLayout to {"style-state",qualityStyleCurrentName,qualityStyleIsInUse,qualityStyleIsBuiltin}
full-snapshot-candidate:276: if qualityStyleIsInUse or not qualityStyleIsBuiltin then
full-snapshot-candidate:272: set qualityStyleCurrentName to item qualityStyleOrdinal of qualityStyleNames as text
full-snapshot-candidate:273: set qualityStyleIsInUse to item qualityStyleOrdinal of qualityStyleInUseFlags
full-snapshot-candidate:274: set qualityStyleIsBuiltin to item qualityStyleOrdinal of qualityStyleBuiltinFlags
full-snapshot-candidate:275: set end of qualityLayout to {"style-state",qualityStyleCurrentName,qualityStyleIsInUse,qualityStyleIsBuiltin}
full-snapshot-candidate:276: if qualityStyleIsInUse or not qualityStyleIsBuiltin then
full-snapshot-candidate:272: set qualityStyleCurrentName to item qualityStyleOrdinal of qualityStyleNames as text
full-snapshot-candidate:273: set qualityStyleIsInUse to item qualityStyleOrdinal of qualityStyleInUseFlags
full-snapshot-candidate:274: set qualityStyleIsBuiltin to item qualityStyleOrdinal of qualityStyleBuiltinFlags
full-snapshot-candidate:275: set end of qualityLayout to {"style-state",qualityStyleCurrentName,qualityStyleIsInUse,qualityStyleIsBuiltin}
full-snapshot-candidate:276: if qualityStyleIsInUse or not qualityStyleIsBuiltin then
full-snapshot-candidate:272: set qualityStyleCurrentName to item qualityStyleOrdinal of qualityStyleNames as text
full-snapshot-candidate:273: set qualityStyleIsInUse to item qualityStyleOrdinal of qualityStyleInUseFlags
full-snapshot-candidate:274: set qualityStyleIsBuiltin to item qualityStyleOrdinal of qualityStyleBuiltinFlags
full-snapshot-candidate:275: set end of qualityLayout to {"style-state",qualityStyleCurrentName,qualityStyleIsInUse,qualityStyleIsBuiltin}
full-snapshot-candidate:276: if qualityStyleIsInUse or not qualityStyleIsBuiltin then
full-snapshot-candidate:272: set qualityStyleCurrentName to item qualityStyleOrdinal of qualityStyleNames as text
full-snapshot-candidate:273: set qualityStyleIsInUse to item qualityStyleOrdinal of qualityStyleInUseFlags
full-snapshot-candidate:274: set qualityStyleIsBuiltin to item qualityStyleOrdinal of qualityStyleBuiltinFlags
full-snapshot-candidate:275: set end of qualityLayout to {"style-state",qualityStyleCurrentName,qualityStyleIsInUse,qualityStyleIsBuiltin}
full-snapshot-candidate:276: if qualityStyleIsInUse or not qualityStyleIsBuiltin then
full-snapshot-candidate:272: set qualityStyleCurrentName to item qualityStyleOrdinal of qualityStyleNames as text
full-snapshot-candidate:273: set qualityStyleIsInUse to item qualityStyleOrdinal of qualityStyleInUseFlags
full-snapshot-candidate:274: set qualityStyleIsBuiltin to item qualityStyleOrdinal of qualityStyleBuiltinFlags
full-snapshot-candidate:275: set end of qualityLayout to {"style-state",qualityStyleCurrentName,qualityStyleIsInUse,qualityStyleIsBuiltin}
full-snapshot-candidate:276: if qualityStyleIsInUse or not qualityStyleIsBuiltin then
full-snapshot-candidate:272: set qualityStyleCurrentName to item qualityStyleOrdinal of qualityStyleNames as text
full-snapshot-candidate:273: set qualityStyleIsInUse to item qualityStyleOrdinal of qualityStyleInUseFlags
full-snapshot-candidate:274: set qualityStyleIsBuiltin to item qualityStyleOrdinal of qualityStyleBuiltinFlags
full-snapshot-candidate:275: set end of qualityLayout to {"style-state",qualityStyleCurrentName,qualityStyleIsInUse,qualityStyleIsBuiltin}
full-snapshot-candidate:276: if qualityStyleIsInUse or not qualityStyleIsBuiltin then
full-snapshot-candidate:272: set qualityStyleCurrentName to item qualityStyleOrdinal of qualityStyleNames as text
full-snapshot-candidate:273: set qualityStyleIsInUse to item qualityStyleOrdinal of qualityStyleInUseFlags
full-snapshot-candidate:274: set qualityStyleIsBuiltin to item qualityStyleOrdinal of qualityStyleBuiltinFlags
full-snapshot-candidate:275: set end of qualityLayout to {"style-state",qualityStyleCurrentName,qualityStyleIsInUse,qualityStyleIsBuiltin}
full-snapshot-candidate:276: if qualityStyleIsInUse or not qualityStyleIsBuiltin then
full-snapshot-candidate:272: set qualityStyleCurrentName to item qualityStyleOrdinal of qualityStyleNames as text
full-snapshot-candidate:273: set qualityStyleIsInUse to item qualityStyleOrdinal of qualityStyleInUseFlags
full-snapshot-candidate:274: set qualityStyleIsBuiltin to item qualityStyleOrdinal of qualityStyleBuiltinFlags
full-snapshot-candidate:275: set end of qualityLayout to {"style-state",qualityStyleCurrentName,qualityStyleIsInUse,qualityStyleIsBuiltin}
full-snapshot-candidate:276: if qualityStyleIsInUse or not qualityStyleIsBuiltin then
full-snapshot-candidate:272: set qualityStyleCurrentName to item qualityStyleOrdinal of qualityStyleNames as text
full-snapshot-candidate:273: set qualityStyleIsInUse to item qualityStyleOrdinal of qualityStyleInUseFlags
full-snapshot-candidate:274: set qualityStyleIsBuiltin to item qualityStyleOrdinal of qualityStyleBuiltinFlags
full-snapshot-candidate:275: set end of qualityLayout to {"style-state",qualityStyleCurrentName,qualityStyleIsInUse,qualityStyleIsBuiltin}
full-snapshot-candidate:276: if qualityStyleIsInUse or not qualityStyleIsBuiltin then
full-snapshot-candidate:272: set qualityStyleCurrentName to item qualityStyleOrdinal of qualityStyleNames as text
full-snapshot-candidate:273: set qualityStyleIsInUse to item qualityStyleOrdinal of qualityStyleInUseFlags
full-snapshot-candidate:274: set qualityStyleIsBuiltin to item qualityStyleOrdinal of qualityStyleBuiltinFlags
full-snapshot-candidate:275: set end of qualityLayout to {"style-state",qualityStyleCurrentName,qualityStyleIsInUse,qualityStyleIsBuiltin}
full-snapshot-candidate:276: if qualityStyleIsInUse or not qualityStyleIsBuiltin then
full-snapshot-candidate:272: set qualityStyleCurrentName to item qualityStyleOrdinal of qualityStyleNames as text
full-snapshot-candidate:273: set qualityStyleIsInUse to item qualityStyleOrdinal of qualityStyleInUseFlags
full-snapshot-candidate:274: set qualityStyleIsBuiltin to item qualityStyleOrdinal of qualityStyleBuiltinFlags
full-snapshot-candidate:275: set end of qualityLayout to {"style-state",qualityStyleCurrentName,qualityStyleIsInUse,qualityStyleIsBuiltin}
full-snapshot-candidate:276: if qualityStyleIsInUse or not qualityStyleIsBuiltin then
full-snapshot-candidate:272: set qualityStyleCurrentName to item qualityStyleOrdinal of qualityStyleNames as text
full-snapshot-candidate:273: set qualityStyleIsInUse to item qualityStyleOrdinal of qualityStyleInUseFlags
full-snapshot-candidate:274: set qualityStyleIsBuiltin to item qualityStyleOrdinal of qualityStyleBuiltinFlags
full-snapshot-candidate:275: set end of qualityLayout to {"style-state",qualityStyleCurrentName,qualityStyleIsInUse,qualityStyleIsBuiltin}
full-snapshot-candidate:276: if qualityStyleIsInUse or not qualityStyleIsBuiltin then
full-snapshot-candidate:272: set qualityStyleCurrentName to item qualityStyleOrdinal of qualityStyleNames as text
full-snapshot-candidate:273: set qualityStyleIsInUse to item qualityStyleOrdinal of qualityStyleInUseFlags
full-snapshot-candidate:274: set qualityStyleIsBuiltin to item qualityStyleOrdinal of qualityStyleBuiltinFlags
full-snapshot-candidate:275: set end of qualityLayout to {"style-state",qualityStyleCurrentName,qualityStyleIsInUse,qualityStyleIsBuiltin}
full-snapshot-candidate:276: if qualityStyleIsInUse or not qualityStyleIsBuiltin then
full-snapshot-candidate:272: set qualityStyleCurrentName to item qualityStyleOrdinal of qualityStyleNames as text
full-snapshot-candidate:273: set qualityStyleIsInUse to item qualityStyleOrdinal of qualityStyleInUseFlags
full-snapshot-candidate:274: set qualityStyleIsBuiltin to item qualityStyleOrdinal of qualityStyleBuiltinFlags
full-snapshot-candidate:275: set end of qualityLayout to {"style-state",qualityStyleCurrentName,qualityStyleIsInUse,qualityStyleIsBuiltin}
full-snapshot-candidate:276: if qualityStyleIsInUse or not qualityStyleIsBuiltin then
full-snapshot-candidate:272: set qualityStyleCurrentName to item qualityStyleOrdinal of qualityStyleNames as text
full-snapshot-candidate:273: set qualityStyleIsInUse to item qualityStyleOrdinal of qualityStyleInUseFlags
full-snapshot-candidate:274: set qualityStyleIsBuiltin to item qualityStyleOrdinal of qualityStyleBuiltinFlags
full-snapshot-candidate:275: set end of qualityLayout to {"style-state",qualityStyleCurrentName,qualityStyleIsInUse,qualityStyleIsBuiltin}
full-snapshot-candidate:276: if qualityStyleIsInUse or not qualityStyleIsBuiltin then
full-snapshot-candidate:272: set qualityStyleCurrentName to item qualityStyleOrdinal of qualityStyleNames as text
full-snapshot-candidate:273: set qualityStyleIsInUse to item qualityStyleOrdinal of qualityStyleInUseFlags
full-snapshot-candidate:274: set qualityStyleIsBuiltin to item qualityStyleOrdinal of qualityStyleBuiltinFlags
full-snapshot-candidate:275: set end of qualityLayout to {"style-state",qualityStyleCurrentName,qualityStyleIsInUse,qualityStyleIsBuiltin}
full-snapshot-candidate:276: if qualityStyleIsInUse or not qualityStyleIsBuiltin then
full-snapshot-candidate:272: set qualityStyleCurrentName to item qualityStyleOrdinal of qualityStyleNames as text
full-snapshot-candidate:273: set qualityStyleIsInUse to item qualityStyleOrdinal of qualityStyleInUseFlags
full-snapshot-candidate:274: set qualityStyleIsBuiltin to item qualityStyleOrdinal of qualityStyleBuiltinFlags
full-snapshot-candidate:275: set end of qualityLayout to {"style-state",qualityStyleCurrentName,qualityStyleIsInUse,qualityStyleIsBuiltin}
full-snapshot-candidate:276: if qualityStyleIsInUse or not qualityStyleIsBuiltin then
full-snapshot-candidate:272: set qualityStyleCurrentName to item qualityStyleOrdinal of qualityStyleNames as text
full-snapshot-candidate:273: set qualityStyleIsInUse to item qualityStyleOrdinal of qualityStyleInUseFlags
full-snapshot-candidate:274: set qualityStyleIsBuiltin to item qualityStyleOrdinal of qualityStyleBuiltinFlags
full-snapshot-candidate:275: set end of qualityLayout to {"style-state",qualityStyleCurrentName,qualityStyleIsInUse,qualityStyleIsBuiltin}
full-snapshot-candidate:276: if qualityStyleIsInUse or not qualityStyleIsBuiltin then
full-snapshot-candidate:272: set qualityStyleCurrentName to item qualityStyleOrdinal of qualityStyleNames as text
full-snapshot-candidate:273: set qualityStyleIsInUse to item qualityStyleOrdinal of qualityStyleInUseFlags
full-snapshot-candidate:274: set qualityStyleIsBuiltin to item qualityStyleOrdinal of qualityStyleBuiltinFlags
full-snapshot-candidate:275: set end of qualityLayout to {"style-state",qualityStyleCurrentName,qualityStyleIsInUse,qualityStyleIsBuiltin}
full-snapshot-candidate:276: if qualityStyleIsInUse or not qualityStyleIsBuiltin then
full-snapshot-candidate:272: set qualityStyleCurrentName to item qualityStyleOrdinal of qualityStyleNames as text
full-snapshot-candidate:273: set qualityStyleIsInUse to item qualityStyleOrdinal of qualityStyleInUseFlags
full-snapshot-candidate:274: set qualityStyleIsBuiltin to item qualityStyleOrdinal of qualityStyleBuiltinFlags
full-snapshot-candidate:275: set end of qualityLayout to {"style-state",qualityStyleCurrentName,qualityStyleIsInUse,qualityStyleIsBuiltin}
full-snapshot-candidate:276: if qualityStyleIsInUse or not qualityStyleIsBuiltin then
full-snapshot-candidate:272: set qualityStyleCurrentName to item qualityStyleOrdinal of qualityStyleNames as text
full-snapshot-candidate:273: set qualityStyleIsInUse to item qualityStyleOrdinal of qualityStyleInUseFlags
full-snapshot-candidate:274: set qualityStyleIsBuiltin to item qualityStyleOrdinal of qualityStyleBuiltinFlags
full-snapshot-candidate:275: set end of qualityLayout to {"style-state",qualityStyleCurrentName,qualityStyleIsInUse,qualityStyleIsBuiltin}
full-snapshot-candidate:276: if qualityStyleIsInUse or not qualityStyleIsBuiltin then
full-snapshot-candidate:272: set qualityStyleCurrentName to item qualityStyleOrdinal of qualityStyleNames as text
full-snapshot-candidate:273: set qualityStyleIsInUse to item qualityStyleOrdinal of qualityStyleInUseFlags
full-snapshot-candidate:274: set qualityStyleIsBuiltin to item qualityStyleOrdinal of qualityStyleBuiltinFlags
full-snapshot-candidate:275: set end of qualityLayout to {"style-state",qualityStyleCurrentName,qualityStyleIsInUse,qualityStyleIsBuiltin}
full-snapshot-candidate:276: if qualityStyleIsInUse or not qualityStyleIsBuiltin then
full-snapshot-candidate:272: set qualityStyleCurrentName to item qualityStyleOrdinal of qualityStyleNames as text
full-snapshot-candidate:273: set qualityStyleIsInUse to item qualityStyleOrdinal of qualityStyleInUseFlags
full-snapshot-candidate:274: set qualityStyleIsBuiltin to item qualityStyleOrdinal of qualityStyleBuiltinFlags
full-snapshot-candidate:275: set end of qualityLayout to {"style-state",qualityStyleCurrentName,qualityStyleIsInUse,qualityStyleIsBuiltin}
full-snapshot-candidate:276: if qualityStyleIsInUse or not qualityStyleIsBuiltin then
full-snapshot-candidate:272: set qualityStyleCurrentName to item qualityStyleOrdinal of qualityStyleNames as text
full-snapshot-candidate:273: set qualityStyleIsInUse to item qualityStyleOrdinal of qualityStyleInUseFlags
full-snapshot-candidate:274: set qualityStyleIsBuiltin to item qualityStyleOrdinal of qualityStyleBuiltinFlags
full-snapshot-candidate:275: set end of qualityLayout to {"style-state",qualityStyleCurrentName,qualityStyleIsInUse,qualityStyleIsBuiltin}
full-snapshot-candidate:276: if qualityStyleIsInUse or not qualityStyleIsBuiltin then
full-snapshot-candidate:272: set qualityStyleCurrentName to item qualityStyleOrdinal of qualityStyleNames as text
full-snapshot-candidate:273: set qualityStyleIsInUse to item qualityStyleOrdinal of qualityStyleInUseFlags
full-snapshot-candidate:274: set qualityStyleIsBuiltin to item qualityStyleOrdinal of qualityStyleBuiltinFlags
full-snapshot-candidate:275: set end of qualityLayout to {"style-state",qualityStyleCurrentName,qualityStyleIsInUse,qualityStyleIsBuiltin}
full-snapshot-candidate:276: if qualityStyleIsInUse or not qualityStyleIsBuiltin then
full-snapshot-candidate:272: set qualityStyleCurrentName to item qualityStyleOrdinal of qualityStyleNames as text
full-snapshot-candidate:273: set qualityStyleIsInUse to item qualityStyleOrdinal of qualityStyleInUseFlags
full-snapshot-candidate:274: set qualityStyleIsBuiltin to item qualityStyleOrdinal of qualityStyleBuiltinFlags
full-snapshot-candidate:275: set end of qualityLayout to {"style-state",qualityStyleCurrentName,qualityStyleIsInUse,qualityStyleIsBuiltin}
full-snapshot-candidate:276: if qualityStyleIsInUse or not qualityStyleIsBuiltin then
full-snapshot-candidate:272: set qualityStyleCurrentName to item qualityStyleOrdinal of qualityStyleNames as text
full-snapshot-candidate:273: set qualityStyleIsInUse to item qualityStyleOrdinal of qualityStyleInUseFlags
full-snapshot-candidate:274: set qualityStyleIsBuiltin to item qualityStyleOrdinal of qualityStyleBuiltinFlags
full-snapshot-candidate:275: set end of qualityLayout to {"style-state",qualityStyleCurrentName,qualityStyleIsInUse,qualityStyleIsBuiltin}
full-snapshot-candidate:276: if qualityStyleIsInUse or not qualityStyleIsBuiltin then
full-snapshot-candidate:272: set qualityStyleCurrentName to item qualityStyleOrdinal of qualityStyleNames as text
full-snapshot-candidate:273: set qualityStyleIsInUse to item qualityStyleOrdinal of qualityStyleInUseFlags
full-snapshot-candidate:274: set qualityStyleIsBuiltin to item qualityStyleOrdinal of qualityStyleBuiltinFlags
full-snapshot-candidate:275: set end of qualityLayout to {"style-state",qualityStyleCurrentName,qualityStyleIsInUse,qualityStyleIsBuiltin}
full-snapshot-candidate:276: if qualityStyleIsInUse or not qualityStyleIsBuiltin then
full-snapshot-candidate:272: set qualityStyleCurrentName to item qualityStyleOrdinal of qualityStyleNames as text
full-snapshot-candidate:273: set qualityStyleIsInUse to item qualityStyleOrdinal of qualityStyleInUseFlags
full-snapshot-candidate:274: set qualityStyleIsBuiltin to item qualityStyleOrdinal of qualityStyleBuiltinFlags
full-snapshot-candidate:275: set end of qualityLayout to {"style-state",qualityStyleCurrentName,qualityStyleIsInUse,qualityStyleIsBuiltin}
full-snapshot-candidate:276: if qualityStyleIsInUse or not qualityStyleIsBuiltin then
full-snapshot-candidate:272: set qualityStyleCurrentName to item qualityStyleOrdinal of qualityStyleNames as text
full-snapshot-candidate:273: set qualityStyleIsInUse to item qualityStyleOrdinal of qualityStyleInUseFlags
full-snapshot-candidate:274: set qualityStyleIsBuiltin to item qualityStyleOrdinal of qualityStyleBuiltinFlags
full-snapshot-candidate:275: set end of qualityLayout to {"style-state",qualityStyleCurrentName,qualityStyleIsInUse,qualityStyleIsBuiltin}
full-snapshot-candidate:276: if qualityStyleIsInUse or not qualityStyleIsBuiltin then
full-snapshot-candidate:272: set qualityStyleCurrentName to item qualityStyleOrdinal of qualityStyleNames as text
full-snapshot-candidate:273: set qualityStyleIsInUse to item qualityStyleOrdinal of qualityStyleInUseFlags
full-snapshot-candidate:274: set qualityStyleIsBuiltin to item qualityStyleOrdinal of qualityStyleBuiltinFlags
full-snapshot-candidate:275: set end of qualityLayout to {"style-state",qualityStyleCurrentName,qualityStyleIsInUse,qualityStyleIsBuiltin}
full-snapshot-candidate:276: if qualityStyleIsInUse or not qualityStyleIsBuiltin then
full-snapshot-candidate:272: set qualityStyleCurrentName to item qualityStyleOrdinal of qualityStyleNames as text
full-snapshot-candidate:273: set qualityStyleIsInUse to item qualityStyleOrdinal of qualityStyleInUseFlags
full-snapshot-candidate:274: set qualityStyleIsBuiltin to item qualityStyleOrdinal of qualityStyleBuiltinFlags
full-snapshot-candidate:275: set end of qualityLayout to {"style-state",qualityStyleCurrentName,qualityStyleIsInUse,qualityStyleIsBuiltin}
full-snapshot-candidate:276: if qualityStyleIsInUse or not qualityStyleIsBuiltin then
full-snapshot-candidate:272: set qualityStyleCurrentName to item qualityStyleOrdinal of qualityStyleNames as text
full-snapshot-candidate:273: set qualityStyleIsInUse to item qualityStyleOrdinal of qualityStyleInUseFlags
full-snapshot-candidate:274: set qualityStyleIsBuiltin to item qualityStyleOrdinal of qualityStyleBuiltinFlags
full-snapshot-candidate:275: set end of qualityLayout to {"style-state",qualityStyleCurrentName,qualityStyleIsInUse,qualityStyleIsBuiltin}
full-snapshot-candidate:276: if qualityStyleIsInUse or not qualityStyleIsBuiltin then
full-snapshot-candidate:272: set qualityStyleCurrentName to item qualityStyleOrdinal of qualityStyleNames as text
full-snapshot-candidate:273: set qualityStyleIsInUse to item qualityStyleOrdinal of qualityStyleInUseFlags
full-snapshot-candidate:274: set qualityStyleIsBuiltin to item qualityStyleOrdinal of qualityStyleBuiltinFlags
full-snapshot-candidate:275: set end of qualityLayout to {"style-state",qualityStyleCurrentName,qualityStyleIsInUse,qualityStyleIsBuiltin}
full-snapshot-candidate:276: if qualityStyleIsInUse or not qualityStyleIsBuiltin then
full-snapshot-candidate:272: set qualityStyleCurrentName to item qualityStyleOrdinal of qualityStyleNames as text
full-snapshot-candidate:273: set qualityStyleIsInUse to item qualityStyleOrdinal of qualityStyleInUseFlags
full-snapshot-candidate:274: set qualityStyleIsBuiltin to item qualityStyleOrdinal of qualityStyleBuiltinFlags
full-snapshot-candidate:275: set end of qualityLayout to {"style-state",qualityStyleCurrentName,qualityStyleIsInUse,qualityStyleIsBuiltin}
full-snapshot-candidate:276: if qualityStyleIsInUse or not qualityStyleIsBuiltin then
full-snapshot-candidate:272: set qualityStyleCurrentName to item qualityStyleOrdinal of qualityStyleNames as text
full-snapshot-candidate:273: set qualityStyleIsInUse to item qualityStyleOrdinal of qualityStyleInUseFlags
full-snapshot-candidate:274: set qualityStyleIsBuiltin to item qualityStyleOrdinal of qualityStyleBuiltinFlags
full-snapshot-candidate:275: set end of qualityLayout to {"style-state",qualityStyleCurrentName,qualityStyleIsInUse,qualityStyleIsBuiltin}
full-snapshot-candidate:276: if qualityStyleIsInUse or not qualityStyleIsBuiltin then
full-snapshot-candidate:272: set qualityStyleCurrentName to item qualityStyleOrdinal of qualityStyleNames as text
full-snapshot-candidate:273: set qualityStyleIsInUse to item qualityStyleOrdinal of qualityStyleInUseFlags
full-snapshot-candidate:274: set qualityStyleIsBuiltin to item qualityStyleOrdinal of qualityStyleBuiltinFlags
full-snapshot-candidate:275: set end of qualityLayout to {"style-state",qualityStyleCurrentName,qualityStyleIsInUse,qualityStyleIsBuiltin}
full-snapshot-candidate:276: if qualityStyleIsInUse or not qualityStyleIsBuiltin then
full-snapshot-candidate:272: set qualityStyleCurrentName to item qualityStyleOrdinal of qualityStyleNames as text
full-snapshot-candidate:273: set qualityStyleIsInUse to item qualityStyleOrdinal of qualityStyleInUseFlags
full-snapshot-candidate:274: set qualityStyleIsBuiltin to item qualityStyleOrdinal of qualityStyleBuiltinFlags
full-snapshot-candidate:275: set end of qualityLayout to {"style-state",qualityStyleCurrentName,qualityStyleIsInUse,qualityStyleIsBuiltin}
full-snapshot-candidate:276: if qualityStyleIsInUse or not qualityStyleIsBuiltin then
full-snapshot-candidate:272: set qualityStyleCurrentName to item qualityStyleOrdinal of qualityStyleNames as text
full-snapshot-candidate:273: set qualityStyleIsInUse to item qualityStyleOrdinal of qualityStyleInUseFlags
full-snapshot-candidate:274: set qualityStyleIsBuiltin to item qualityStyleOrdinal of qualityStyleBuiltinFlags
full-snapshot-candidate:275: set end of qualityLayout to {"style-state",qualityStyleCurrentName,qualityStyleIsInUse,qualityStyleIsBuiltin}
full-snapshot-candidate:276: if qualityStyleIsInUse or not qualityStyleIsBuiltin then
full-snapshot-candidate:272: set qualityStyleCurrentName to item qualityStyleOrdinal of qualityStyleNames as text
full-snapshot-candidate:273: set qualityStyleIsInUse to item qualityStyleOrdinal of qualityStyleInUseFlags
full-snapshot-candidate:274: set qualityStyleIsBuiltin to item qualityStyleOrdinal of qualityStyleBuiltinFlags
full-snapshot-candidate:275: set end of qualityLayout to {"style-state",qualityStyleCurrentName,qualityStyleIsInUse,qualityStyleIsBuiltin}
full-snapshot-candidate:276: if qualityStyleIsInUse or not qualityStyleIsBuiltin then
full-snapshot-candidate:272: set qualityStyleCurrentName to item qualityStyleOrdinal of qualityStyleNames as text
full-snapshot-candidate:273: set qualityStyleIsInUse to item qualityStyleOrdinal of qualityStyleInUseFlags
full-snapshot-candidate:274: set qualityStyleIsBuiltin to item qualityStyleOrdinal of qualityStyleBuiltinFlags
full-snapshot-candidate:275: set end of qualityLayout to {"style-state",qualityStyleCurrentName,qualityStyleIsInUse,qualityStyleIsBuiltin}
full-snapshot-candidate:276: if qualityStyleIsInUse or not qualityStyleIsBuiltin then
full-snapshot-candidate:272: set qualityStyleCurrentName to item qualityStyleOrdinal of qualityStyleNames as text
full-snapshot-candidate:273: set qualityStyleIsInUse to item qualityStyleOrdinal of qualityStyleInUseFlags
full-snapshot-candidate:274: set qualityStyleIsBuiltin to item qualityStyleOrdinal of qualityStyleBuiltinFlags
full-snapshot-candidate:275: set end of qualityLayout to {"style-state",qualityStyleCurrentName,qualityStyleIsInUse,qualityStyleIsBuiltin}
full-snapshot-candidate:276: if qualityStyleIsInUse or not qualityStyleIsBuiltin then
full-snapshot-candidate:272: set qualityStyleCurrentName to item qualityStyleOrdinal of qualityStyleNames as text
full-snapshot-candidate:273: set qualityStyleIsInUse to item qualityStyleOrdinal of qualityStyleInUseFlags
full-snapshot-candidate:274: set qualityStyleIsBuiltin to item qualityStyleOrdinal of qualityStyleBuiltinFlags
full-snapshot-candidate:275: set end of qualityLayout to {"style-state",qualityStyleCurrentName,qualityStyleIsInUse,qualityStyleIsBuiltin}
full-snapshot-candidate:276: if qualityStyleIsInUse or not qualityStyleIsBuiltin then
full-snapshot-candidate:272: set qualityStyleCurrentName to item qualityStyleOrdinal of qualityStyleNames as text
full-snapshot-candidate:273: set qualityStyleIsInUse to item qualityStyleOrdinal of qualityStyleInUseFlags
full-snapshot-candidate:274: set qualityStyleIsBuiltin to item qualityStyleOrdinal of qualityStyleBuiltinFlags
full-snapshot-candidate:275: set end of qualityLayout to {"style-state",qualityStyleCurrentName,qualityStyleIsInUse,qualityStyleIsBuiltin}
full-snapshot-candidate:276: if qualityStyleIsInUse or not qualityStyleIsBuiltin then
full-snapshot-candidate:272: set qualityStyleCurrentName to item qualityStyleOrdinal of qualityStyleNames as text
full-snapshot-candidate:273: set qualityStyleIsInUse to item qualityStyleOrdinal of qualityStyleInUseFlags
full-snapshot-candidate:274: set qualityStyleIsBuiltin to item qualityStyleOrdinal of qualityStyleBuiltinFlags
full-snapshot-candidate:275: set end of qualityLayout to {"style-state",qualityStyleCurrentName,qualityStyleIsInUse,qualityStyleIsBuiltin}
full-snapshot-candidate:276: if qualityStyleIsInUse or not qualityStyleIsBuiltin then
full-snapshot-candidate:272: set qualityStyleCurrentName to item qualityStyleOrdinal of qualityStyleNames as text
full-snapshot-candidate:273: set qualityStyleIsInUse to item qualityStyleOrdinal of qualityStyleInUseFlags
full-snapshot-candidate:274: set qualityStyleIsBuiltin to item qualityStyleOrdinal of qualityStyleBuiltinFlags
full-snapshot-candidate:275: set end of qualityLayout to {"style-state",qualityStyleCurrentName,qualityStyleIsInUse,qualityStyleIsBuiltin}
full-snapshot-candidate:276: if qualityStyleIsInUse or not qualityStyleIsBuiltin then
full-snapshot-candidate:272: set qualityStyleCurrentName to item qualityStyleOrdinal of qualityStyleNames as text
full-snapshot-candidate:273: set qualityStyleIsInUse to item qualityStyleOrdinal of qualityStyleInUseFlags
full-snapshot-candidate:274: set qualityStyleIsBuiltin to item qualityStyleOrdinal of qualityStyleBuiltinFlags
full-snapshot-candidate:275: set end of qualityLayout to {"style-state",qualityStyleCurrentName,qualityStyleIsInUse,qualityStyleIsBuiltin}
full-snapshot-candidate:276: if qualityStyleIsInUse or not qualityStyleIsBuiltin then
full-snapshot-candidate:272: set qualityStyleCurrentName to item qualityStyleOrdinal of qualityStyleNames as text
full-snapshot-candidate:273: set qualityStyleIsInUse to item qualityStyleOrdinal of qualityStyleInUseFlags
full-snapshot-candidate:274: set qualityStyleIsBuiltin to item qualityStyleOrdinal of qualityStyleBuiltinFlags
full-snapshot-candidate:275: set end of qualityLayout to {"style-state",qualityStyleCurrentName,qualityStyleIsInUse,qualityStyleIsBuiltin}
full-snapshot-candidate:276: if qualityStyleIsInUse or not qualityStyleIsBuiltin then
full-snapshot-candidate:272: set qualityStyleCurrentName to item qualityStyleOrdinal of qualityStyleNames as text
full-snapshot-candidate:273: set qualityStyleIsInUse to item qualityStyleOrdinal of qualityStyleInUseFlags
full-snapshot-candidate:274: set qualityStyleIsBuiltin to item qualityStyleOrdinal of qualityStyleBuiltinFlags
full-snapshot-candidate:275: set end of qualityLayout to {"style-state",qualityStyleCurrentName,qualityStyleIsInUse,qualityStyleIsBuiltin}
full-snapshot-candidate:276: if qualityStyleIsInUse or not qualityStyleIsBuiltin then
full-snapshot-candidate:272: set qualityStyleCurrentName to item qualityStyleOrdinal of qualityStyleNames as text
full-snapshot-candidate:273: set qualityStyleIsInUse to item qualityStyleOrdinal of qualityStyleInUseFlags
full-snapshot-candidate:274: set qualityStyleIsBuiltin to item qualityStyleOrdinal of qualityStyleBuiltinFlags
full-snapshot-candidate:275: set end of qualityLayout to {"style-state",qualityStyleCurrentName,qualityStyleIsInUse,qualityStyleIsBuiltin}
full-snapshot-candidate:276: if qualityStyleIsInUse or not qualityStyleIsBuiltin then
full-snapshot-candidate:272: set qualityStyleCurrentName to item qualityStyleOrdinal of qualityStyleNames as text
full-snapshot-candidate:273: set qualityStyleIsInUse to item qualityStyleOrdinal of qualityStyleInUseFlags
full-snapshot-candidate:274: set qualityStyleIsBuiltin to item qualityStyleOrdinal of qualityStyleBuiltinFlags
full-snapshot-candidate:275: set end of qualityLayout to {"style-state",qualityStyleCurrentName,qualityStyleIsInUse,qualityStyleIsBuiltin}
full-snapshot-candidate:276: if qualityStyleIsInUse or not qualityStyleIsBuiltin then
full-snapshot-candidate:272: set qualityStyleCurrentName to item qualityStyleOrdinal of qualityStyleNames as text
full-snapshot-candidate:273: set qualityStyleIsInUse to item qualityStyleOrdinal of qualityStyleInUseFlags
full-snapshot-candidate:274: set qualityStyleIsBuiltin to item qualityStyleOrdinal of qualityStyleBuiltinFlags
full-snapshot-candidate:275: set end of qualityLayout to {"style-state",qualityStyleCurrentName,qualityStyleIsInUse,qualityStyleIsBuiltin}
full-snapshot-candidate:276: if qualityStyleIsInUse or not qualityStyleIsBuiltin then
full-snapshot-candidate:272: set qualityStyleCurrentName to item qualityStyleOrdinal of qualityStyleNames as text
full-snapshot-candidate:273: set qualityStyleIsInUse to item qualityStyleOrdinal of qualityStyleInUseFlags
full-snapshot-candidate:274: set qualityStyleIsBuiltin to item qualityStyleOrdinal of qualityStyleBuiltinFlags
full-snapshot-candidate:275: set end of qualityLayout to {"style-state",qualityStyleCurrentName,qualityStyleIsInUse,qualityStyleIsBuiltin}
full-snapshot-candidate:276: if qualityStyleIsInUse or not qualityStyleIsBuiltin then
full-snapshot-candidate:272: set qualityStyleCurrentName to item qualityStyleOrdinal of qualityStyleNames as text
full-snapshot-candidate:273: set qualityStyleIsInUse to item qualityStyleOrdinal of qualityStyleInUseFlags
full-snapshot-candidate:274: set qualityStyleIsBuiltin to item qualityStyleOrdinal of qualityStyleBuiltinFlags
full-snapshot-candidate:275: set end of qualityLayout to {"style-state",qualityStyleCurrentName,qualityStyleIsInUse,qualityStyleIsBuiltin}
full-snapshot-candidate:276: if qualityStyleIsInUse or not qualityStyleIsBuiltin then
full-snapshot-candidate:272: set qualityStyleCurrentName to item qualityStyleOrdinal of qualityStyleNames as text
full-snapshot-candidate:273: set qualityStyleIsInUse to item qualityStyleOrdinal of qualityStyleInUseFlags
full-snapshot-candidate:274: set qualityStyleIsBuiltin to item qualityStyleOrdinal of qualityStyleBuiltinFlags
full-snapshot-candidate:275: set end of qualityLayout to {"style-state",qualityStyleCurrentName,qualityStyleIsInUse,qualityStyleIsBuiltin}
full-snapshot-candidate:276: if qualityStyleIsInUse or not qualityStyleIsBuiltin then
full-snapshot-candidate:272: set qualityStyleCurrentName to item qualityStyleOrdinal of qualityStyleNames as text
full-snapshot-candidate:273: set qualityStyleIsInUse to item qualityStyleOrdinal of qualityStyleInUseFlags
full-snapshot-candidate:274: set qualityStyleIsBuiltin to item qualityStyleOrdinal of qualityStyleBuiltinFlags
full-snapshot-candidate:275: set end of qualityLayout to {"style-state",qualityStyleCurrentName,qualityStyleIsInUse,qualityStyleIsBuiltin}
full-snapshot-candidate:276: if qualityStyleIsInUse or not qualityStyleIsBuiltin then
full-snapshot-candidate:272: set qualityStyleCurrentName to item qualityStyleOrdinal of qualityStyleNames as text
full-snapshot-candidate:273: set qualityStyleIsInUse to item qualityStyleOrdinal of qualityStyleInUseFlags
full-snapshot-candidate:274: set qualityStyleIsBuiltin to item qualityStyleOrdinal of qualityStyleBuiltinFlags
full-snapshot-candidate:275: set end of qualityLayout to {"style-state",qualityStyleCurrentName,qualityStyleIsInUse,qualityStyleIsBuiltin}
full-snapshot-candidate:276: if qualityStyleIsInUse or not qualityStyleIsBuiltin then
full-snapshot-candidate:272: set qualityStyleCurrentName to item qualityStyleOrdinal of qualityStyleNames as text
full-snapshot-candidate:273: set qualityStyleIsInUse to item qualityStyleOrdinal of qualityStyleInUseFlags
full-snapshot-candidate:274: set qualityStyleIsBuiltin to item qualityStyleOrdinal of qualityStyleBuiltinFlags
full-snapshot-candidate:275: set end of qualityLayout to {"style-state",qualityStyleCurrentName,qualityStyleIsInUse,qualityStyleIsBuiltin}
full-snapshot-candidate:276: if qualityStyleIsInUse or not qualityStyleIsBuiltin then
full-snapshot-candidate:272: set qualityStyleCurrentName to item qualityStyleOrdinal of qualityStyleNames as text
full-snapshot-candidate:273: set qualityStyleIsInUse to item qualityStyleOrdinal of qualityStyleInUseFlags
full-snapshot-candidate:274: set qualityStyleIsBuiltin to item qualityStyleOrdinal of qualityStyleBuiltinFlags
full-snapshot-candidate:275: set end of qualityLayout to {"style-state",qualityStyleCurrentName,qualityStyleIsInUse,qualityStyleIsBuiltin}
full-snapshot-candidate:276: if qualityStyleIsInUse or not qualityStyleIsBuiltin then
full-snapshot-candidate:272: set qualityStyleCurrentName to item qualityStyleOrdinal of qualityStyleNames as text
full-snapshot-candidate:273: set qualityStyleIsInUse to item qualityStyleOrdinal of qualityStyleInUseFlags
full-snapshot-candidate:274: set qualityStyleIsBuiltin to item qualityStyleOrdinal of qualityStyleBuiltinFlags
full-snapshot-candidate:275: set end of qualityLayout to {"style-state",qualityStyleCurrentName,qualityStyleIsInUse,qualityStyleIsBuiltin}
full-snapshot-candidate:276: if qualityStyleIsInUse or not qualityStyleIsBuiltin then
full-snapshot-candidate:272: set qualityStyleCurrentName to item qualityStyleOrdinal of qualityStyleNames as text
full-snapshot-candidate:273: set qualityStyleIsInUse to item qualityStyleOrdinal of qualityStyleInUseFlags
full-snapshot-candidate:274: set qualityStyleIsBuiltin to item qualityStyleOrdinal of qualityStyleBuiltinFlags
full-snapshot-candidate:275: set end of qualityLayout to {"style-state",qualityStyleCurrentName,qualityStyleIsInUse,qualityStyleIsBuiltin}
full-snapshot-candidate:276: if qualityStyleIsInUse or not qualityStyleIsBuiltin then
full-snapshot-candidate:272: set qualityStyleCurrentName to item qualityStyleOrdinal of qualityStyleNames as text
full-snapshot-candidate:273: set qualityStyleIsInUse to item qualityStyleOrdinal of qualityStyleInUseFlags
full-snapshot-candidate:274: set qualityStyleIsBuiltin to item qualityStyleOrdinal of qualityStyleBuiltinFlags
full-snapshot-candidate:275: set end of qualityLayout to {"style-state",qualityStyleCurrentName,qualityStyleIsInUse,qualityStyleIsBuiltin}
full-snapshot-candidate:276: if qualityStyleIsInUse or not qualityStyleIsBuiltin then
full-snapshot-candidate:272: set qualityStyleCurrentName to item qualityStyleOrdinal of qualityStyleNames as text
full-snapshot-candidate:273: set qualityStyleIsInUse to item qualityStyleOrdinal of qualityStyleInUseFlags
full-snapshot-candidate:274: set qualityStyleIsBuiltin to item qualityStyleOrdinal of qualityStyleBuiltinFlags
full-snapshot-candidate:275: set end of qualityLayout to {"style-state",qualityStyleCurrentName,qualityStyleIsInUse,qualityStyleIsBuiltin}
full-snapshot-candidate:276: if qualityStyleIsInUse or not qualityStyleIsBuiltin then
full-snapshot-candidate:272: set qualityStyleCurrentName to item qualityStyleOrdinal of qualityStyleNames as text
full-snapshot-candidate:273: set qualityStyleIsInUse to item qualityStyleOrdinal of qualityStyleInUseFlags
full-snapshot-candidate:274: set qualityStyleIsBuiltin to item qualityStyleOrdinal of qualityStyleBuiltinFlags
full-snapshot-candidate:275: set end of qualityLayout to {"style-state",qualityStyleCurrentName,qualityStyleIsInUse,qualityStyleIsBuiltin}
full-snapshot-candidate:276: if qualityStyleIsInUse or not qualityStyleIsBuiltin then
full-snapshot-candidate:272: set qualityStyleCurrentName to item qualityStyleOrdinal of qualityStyleNames as text
full-snapshot-candidate:273: set qualityStyleIsInUse to item qualityStyleOrdinal of qualityStyleInUseFlags
full-snapshot-candidate:274: set qualityStyleIsBuiltin to item qualityStyleOrdinal of qualityStyleBuiltinFlags
full-snapshot-candidate:275: set end of qualityLayout to {"style-state",qualityStyleCurrentName,qualityStyleIsInUse,qualityStyleIsBuiltin}
full-snapshot-candidate:276: if qualityStyleIsInUse or not qualityStyleIsBuiltin then
full-snapshot-candidate:272: set qualityStyleCurrentName to item qualityStyleOrdinal of qualityStyleNames as text
full-snapshot-candidate:273: set qualityStyleIsInUse to item qualityStyleOrdinal of qualityStyleInUseFlags
full-snapshot-candidate:274: set qualityStyleIsBuiltin to item qualityStyleOrdinal of qualityStyleBuiltinFlags
full-snapshot-candidate:275: set end of qualityLayout to {"style-state",qualityStyleCurrentName,qualityStyleIsInUse,qualityStyleIsBuiltin}
full-snapshot-candidate:276: if qualityStyleIsInUse or not qualityStyleIsBuiltin then
full-snapshot-candidate:272: set qualityStyleCurrentName to item qualityStyleOrdinal of qualityStyleNames as text
full-snapshot-candidate:273: set qualityStyleIsInUse to item qualityStyleOrdinal of qualityStyleInUseFlags
full-snapshot-candidate:274: set qualityStyleIsBuiltin to item qualityStyleOrdinal of qualityStyleBuiltinFlags
full-snapshot-candidate:275: set end of qualityLayout to {"style-state",qualityStyleCurrentName,qualityStyleIsInUse,qualityStyleIsBuiltin}
full-snapshot-candidate:276: if qualityStyleIsInUse or not qualityStyleIsBuiltin then
full-snapshot-candidate:272: set qualityStyleCurrentName to item qualityStyleOrdinal of qualityStyleNames as text
full-snapshot-candidate:273: set qualityStyleIsInUse to item qualityStyleOrdinal of qualityStyleInUseFlags
full-snapshot-candidate:274: set qualityStyleIsBuiltin to item qualityStyleOrdinal of qualityStyleBuiltinFlags
full-snapshot-candidate:275: set end of qualityLayout to {"style-state",qualityStyleCurrentName,qualityStyleIsInUse,qualityStyleIsBuiltin}
full-snapshot-candidate:276: if qualityStyleIsInUse or not qualityStyleIsBuiltin then
full-snapshot-candidate:272: set qualityStyleCurrentName to item qualityStyleOrdinal of qualityStyleNames as text
full-snapshot-candidate:273: set qualityStyleIsInUse to item qualityStyleOrdinal of qualityStyleInUseFlags
full-snapshot-candidate:274: set qualityStyleIsBuiltin to item qualityStyleOrdinal of qualityStyleBuiltinFlags
full-snapshot-candidate:275: set end of qualityLayout to {"style-state",qualityStyleCurrentName,qualityStyleIsInUse,qualityStyleIsBuiltin}
full-snapshot-candidate:276: if qualityStyleIsInUse or not qualityStyleIsBuiltin then
full-snapshot-candidate:272: set qualityStyleCurrentName to item qualityStyleOrdinal of qualityStyleNames as text
full-snapshot-candidate:273: set qualityStyleIsInUse to item qualityStyleOrdinal of qualityStyleInUseFlags
full-snapshot-candidate:274: set qualityStyleIsBuiltin to item qualityStyleOrdinal of qualityStyleBuiltinFlags
full-snapshot-candidate:275: set end of qualityLayout to {"style-state",qualityStyleCurrentName,qualityStyleIsInUse,qualityStyleIsBuiltin}
full-snapshot-candidate:276: if qualityStyleIsInUse or not qualityStyleIsBuiltin then
full-snapshot-candidate:272: set qualityStyleCurrentName to item qualityStyleOrdinal of qualityStyleNames as text
full-snapshot-candidate:273: set qualityStyleIsInUse to item qualityStyleOrdinal of qualityStyleInUseFlags
full-snapshot-candidate:274: set qualityStyleIsBuiltin to item qualityStyleOrdinal of qualityStyleBuiltinFlags
full-snapshot-candidate:275: set end of qualityLayout to {"style-state",qualityStyleCurrentName,qualityStyleIsInUse,qualityStyleIsBuiltin}
full-snapshot-candidate:276: if qualityStyleIsInUse or not qualityStyleIsBuiltin then
full-snapshot-candidate:272: set qualityStyleCurrentName to item qualityStyleOrdinal of qualityStyleNames as text
full-snapshot-candidate:273: set qualityStyleIsInUse to item qualityStyleOrdinal of qualityStyleInUseFlags
full-snapshot-candidate:274: set qualityStyleIsBuiltin to item qualityStyleOrdinal of qualityStyleBuiltinFlags
full-snapshot-candidate:275: set end of qualityLayout to {"style-state",qualityStyleCurrentName,qualityStyleIsInUse,qualityStyleIsBuiltin}
full-snapshot-candidate:276: if qualityStyleIsInUse or not qualityStyleIsBuiltin then
full-snapshot-candidate:272: set qualityStyleCurrentName to item qualityStyleOrdinal of qualityStyleNames as text
full-snapshot-candidate:273: set qualityStyleIsInUse to item qualityStyleOrdinal of qualityStyleInUseFlags
full-snapshot-candidate:274: set qualityStyleIsBuiltin to item qualityStyleOrdinal of qualityStyleBuiltinFlags
full-snapshot-candidate:275: set end of qualityLayout to {"style-state",qualityStyleCurrentName,qualityStyleIsInUse,qualityStyleIsBuiltin}
full-snapshot-candidate:276: if qualityStyleIsInUse or not qualityStyleIsBuiltin then
full-snapshot-candidate:272: set qualityStyleCurrentName to item qualityStyleOrdinal of qualityStyleNames as text
full-snapshot-candidate:273: set qualityStyleIsInUse to item qualityStyleOrdinal of qualityStyleInUseFlags
full-snapshot-candidate:274: set qualityStyleIsBuiltin to item qualityStyleOrdinal of qualityStyleBuiltinFlags
full-snapshot-candidate:275: set end of qualityLayout to {"style-state",qualityStyleCurrentName,qualityStyleIsInUse,qualityStyleIsBuiltin}
full-snapshot-candidate:276: if qualityStyleIsInUse or not qualityStyleIsBuiltin then
full-snapshot-candidate:272: set qualityStyleCurrentName to item qualityStyleOrdinal of qualityStyleNames as text
full-snapshot-candidate:273: set qualityStyleIsInUse to item qualityStyleOrdinal of qualityStyleInUseFlags
full-snapshot-candidate:274: set qualityStyleIsBuiltin to item qualityStyleOrdinal of qualityStyleBuiltinFlags
full-snapshot-candidate:275: set end of qualityLayout to {"style-state",qualityStyleCurrentName,qualityStyleIsInUse,qualityStyleIsBuiltin}
full-snapshot-candidate:276: if qualityStyleIsInUse or not qualityStyleIsBuiltin then
full-snapshot-candidate:272: set qualityStyleCurrentName to item qualityStyleOrdinal of qualityStyleNames as text
full-snapshot-candidate:273: set qualityStyleIsInUse to item qualityStyleOrdinal of qualityStyleInUseFlags
full-snapshot-candidate:274: set qualityStyleIsBuiltin to item qualityStyleOrdinal of qualityStyleBuiltinFlags
full-snapshot-candidate:275: set end of qualityLayout to {"style-state",qualityStyleCurrentName,qualityStyleIsInUse,qualityStyleIsBuiltin}
full-snapshot-candidate:276: if qualityStyleIsInUse or not qualityStyleIsBuiltin then
full-snapshot-candidate:272: set qualityStyleCurrentName to item qualityStyleOrdinal of qualityStyleNames as text
full-snapshot-candidate:273: set qualityStyleIsInUse to item qualityStyleOrdinal of qualityStyleInUseFlags
full-snapshot-candidate:274: set qualityStyleIsBuiltin to item qualityStyleOrdinal of qualityStyleBuiltinFlags
full-snapshot-candidate:275: set end of qualityLayout to {"style-state",qualityStyleCurrentName,qualityStyleIsInUse,qualityStyleIsBuiltin}
full-snapshot-candidate:276: if qualityStyleIsInUse or not qualityStyleIsBuiltin then
full-snapshot-candidate:272: set qualityStyleCurrentName to item qualityStyleOrdinal of qualityStyleNames as text
full-snapshot-candidate:273: set qualityStyleIsInUse to item qualityStyleOrdinal of qualityStyleInUseFlags
full-snapshot-candidate:274: set qualityStyleIsBuiltin to item qualityStyleOrdinal of qualityStyleBuiltinFlags
full-snapshot-candidate:275: set end of qualityLayout to {"style-state",qualityStyleCurrentName,qualityStyleIsInUse,qualityStyleIsBuiltin}
full-snapshot-candidate:276: if qualityStyleIsInUse or not qualityStyleIsBuiltin then
full-snapshot-candidate:272: set qualityStyleCurrentName to item qualityStyleOrdinal of qualityStyleNames as text
full-snapshot-candidate:273: set qualityStyleIsInUse to item qualityStyleOrdinal of qualityStyleInUseFlags
full-snapshot-candidate:274: set qualityStyleIsBuiltin to item qualityStyleOrdinal of qualityStyleBuiltinFlags
full-snapshot-candidate:275: set end of qualityLayout to {"style-state",qualityStyleCurrentName,qualityStyleIsInUse,qualityStyleIsBuiltin}
full-snapshot-candidate:276: if qualityStyleIsInUse or not qualityStyleIsBuiltin then
full-snapshot-candidate:272: set qualityStyleCurrentName to item qualityStyleOrdinal of qualityStyleNames as text
full-snapshot-candidate:273: set qualityStyleIsInUse to item qualityStyleOrdinal of qualityStyleInUseFlags
full-snapshot-candidate:274: set qualityStyleIsBuiltin to item qualityStyleOrdinal of qualityStyleBuiltinFlags
full-snapshot-candidate:275: set end of qualityLayout to {"style-state",qualityStyleCurrentName,qualityStyleIsInUse,qualityStyleIsBuiltin}
full-snapshot-candidate:276: if qualityStyleIsInUse or not qualityStyleIsBuiltin then
full-snapshot-candidate:272: set qualityStyleCurrentName to item qualityStyleOrdinal of qualityStyleNames as text
full-snapshot-candidate:273: set qualityStyleIsInUse to item qualityStyleOrdinal of qualityStyleInUseFlags
full-snapshot-candidate:274: set qualityStyleIsBuiltin to item qualityStyleOrdinal of qualityStyleBuiltinFlags
full-snapshot-candidate:275: set end of qualityLayout to {"style-state",qualityStyleCurrentName,qualityStyleIsInUse,qualityStyleIsBuiltin}
full-snapshot-candidate:276: if qualityStyleIsInUse or not qualityStyleIsBuiltin then
full-snapshot-candidate:272: set qualityStyleCurrentName to item qualityStyleOrdinal of qualityStyleNames as text
full-snapshot-candidate:273: set qualityStyleIsInUse to item qualityStyleOrdinal of qualityStyleInUseFlags
full-snapshot-candidate:274: set qualityStyleIsBuiltin to item qualityStyleOrdinal of qualityStyleBuiltinFlags
full-snapshot-candidate:275: set end of qualityLayout to {"style-state",qualityStyleCurrentName,qualityStyleIsInUse,qualityStyleIsBuiltin}
full-snapshot-candidate:276: if qualityStyleIsInUse or not qualityStyleIsBuiltin then
full-snapshot-candidate:272: set qualityStyleCurrentName to item qualityStyleOrdinal of qualityStyleNames as text
full-snapshot-candidate:273: set qualityStyleIsInUse to item qualityStyleOrdinal of qualityStyleInUseFlags
full-snapshot-candidate:274: set qualityStyleIsBuiltin to item qualityStyleOrdinal of qualityStyleBuiltinFlags
full-snapshot-candidate:275: set end of qualityLayout to {"style-state",qualityStyleCurrentName,qualityStyleIsInUse,qualityStyleIsBuiltin}
full-snapshot-candidate:276: if qualityStyleIsInUse or not qualityStyleIsBuiltin then
full-snapshot-candidate:272: set qualityStyleCurrentName to item qualityStyleOrdinal of qualityStyleNames as text
full-snapshot-candidate:273: set qualityStyleIsInUse to item qualityStyleOrdinal of qualityStyleInUseFlags
full-snapshot-candidate:274: set qualityStyleIsBuiltin to item qualityStyleOrdinal of qualityStyleBuiltinFlags
full-snapshot-candidate:275: set end of qualityLayout to {"style-state",qualityStyleCurrentName,qualityStyleIsInUse,qualityStyleIsBuiltin}
full-snapshot-candidate:276: if qualityStyleIsInUse or not qualityStyleIsBuiltin then
full-snapshot-candidate:272: set qualityStyleCurrentName to item qualityStyleOrdinal of qualityStyleNames as text
full-snapshot-candidate:273: set qualityStyleIsInUse to item qualityStyleOrdinal of qualityStyleInUseFlags
full-snapshot-candidate:274: set qualityStyleIsBuiltin to item qualityStyleOrdinal of qualityStyleBuiltinFlags
full-snapshot-candidate:275: set end of qualityLayout to {"style-state",qualityStyleCurrentName,qualityStyleIsInUse,qualityStyleIsBuiltin}
full-snapshot-candidate:276: if qualityStyleIsInUse or not qualityStyleIsBuiltin then
full-snapshot-candidate:272: set qualityStyleCurrentName to item qualityStyleOrdinal of qualityStyleNames as text
full-snapshot-candidate:273: set qualityStyleIsInUse to item qualityStyleOrdinal of qualityStyleInUseFlags
full-snapshot-candidate:274: set qualityStyleIsBuiltin to item qualityStyleOrdinal of qualityStyleBuiltinFlags
full-snapshot-candidate:275: set end of qualityLayout to {"style-state",qualityStyleCurrentName,qualityStyleIsInUse,qualityStyleIsBuiltin}
full-snapshot-candidate:276: if qualityStyleIsInUse or not qualityStyleIsBuiltin then
full-snapshot-candidate:272: set qualityStyleCurrentName to item qualityStyleOrdinal of qualityStyleNames as text
full-snapshot-candidate:273: set qualityStyleIsInUse to item qualityStyleOrdinal of qualityStyleInUseFlags
full-snapshot-candidate:274: set qualityStyleIsBuiltin to item qualityStyleOrdinal of qualityStyleBuiltinFlags
full-snapshot-candidate:275: set end of qualityLayout to {"style-state",qualityStyleCurrentName,qualityStyleIsInUse,qualityStyleIsBuiltin}
full-snapshot-candidate:276: if qualityStyleIsInUse or not qualityStyleIsBuiltin then
full-snapshot-candidate:272: set qualityStyleCurrentName to item qualityStyleOrdinal of qualityStyleNames as text
full-snapshot-candidate:273: set qualityStyleIsInUse to item qualityStyleOrdinal of qualityStyleInUseFlags
full-snapshot-candidate:274: set qualityStyleIsBuiltin to item qualityStyleOrdinal of qualityStyleBuiltinFlags
full-snapshot-candidate:275: set end of qualityLayout to {"style-state",qualityStyleCurrentName,qualityStyleIsInUse,qualityStyleIsBuiltin}
full-snapshot-candidate:276: if qualityStyleIsInUse or not qualityStyleIsBuiltin then
full-snapshot-candidate:272: set qualityStyleCurrentName to item qualityStyleOrdinal of qualityStyleNames as text
full-snapshot-candidate:273: set qualityStyleIsInUse to item qualityStyleOrdinal of qualityStyleInUseFlags
full-snapshot-candidate:274: set qualityStyleIsBuiltin to item qualityStyleOrdinal of qualityStyleBuiltinFlags
full-snapshot-candidate:275: set end of qualityLayout to {"style-state",qualityStyleCurrentName,qualityStyleIsInUse,qualityStyleIsBuiltin}
full-snapshot-candidate:276: if qualityStyleIsInUse or not qualityStyleIsBuiltin then
full-snapshot-candidate:272: set qualityStyleCurrentName to item qualityStyleOrdinal of qualityStyleNames as text
full-snapshot-candidate:273: set qualityStyleIsInUse to item qualityStyleOrdinal of qualityStyleInUseFlags
full-snapshot-candidate:274: set qualityStyleIsBuiltin to item qualityStyleOrdinal of qualityStyleBuiltinFlags
full-snapshot-candidate:275: set end of qualityLayout to {"style-state",qualityStyleCurrentName,qualityStyleIsInUse,qualityStyleIsBuiltin}
full-snapshot-candidate:276: if qualityStyleIsInUse or not qualityStyleIsBuiltin then
full-snapshot-candidate:272: set qualityStyleCurrentName to item qualityStyleOrdinal of qualityStyleNames as text
full-snapshot-candidate:273: set qualityStyleIsInUse to item qualityStyleOrdinal of qualityStyleInUseFlags
full-snapshot-candidate:274: set qualityStyleIsBuiltin to item qualityStyleOrdinal of qualityStyleBuiltinFlags
full-snapshot-candidate:275: set end of qualityLayout to {"style-state",qualityStyleCurrentName,qualityStyleIsInUse,qualityStyleIsBuiltin}
full-snapshot-candidate:276: if qualityStyleIsInUse or not qualityStyleIsBuiltin then
full-snapshot-candidate:272: set qualityStyleCurrentName to item qualityStyleOrdinal of qualityStyleNames as text
full-snapshot-candidate:273: set qualityStyleIsInUse to item qualityStyleOrdinal of qualityStyleInUseFlags
full-snapshot-candidate:274: set qualityStyleIsBuiltin to item qualityStyleOrdinal of qualityStyleBuiltinFlags
full-snapshot-candidate:275: set end of qualityLayout to {"style-state",qualityStyleCurrentName,qualityStyleIsInUse,qualityStyleIsBuiltin}
full-snapshot-candidate:276: if qualityStyleIsInUse or not qualityStyleIsBuiltin then
full-snapshot-candidate:272: set qualityStyleCurrentName to item qualityStyleOrdinal of qualityStyleNames as text
full-snapshot-candidate:273: set qualityStyleIsInUse to item qualityStyleOrdinal of qualityStyleInUseFlags
full-snapshot-candidate:274: set qualityStyleIsBuiltin to item qualityStyleOrdinal of qualityStyleBuiltinFlags
full-snapshot-candidate:275: set end of qualityLayout to {"style-state",qualityStyleCurrentName,qualityStyleIsInUse,qualityStyleIsBuiltin}
full-snapshot-candidate:276: if qualityStyleIsInUse or not qualityStyleIsBuiltin then
full-snapshot-candidate:272: set qualityStyleCurrentName to item qualityStyleOrdinal of qualityStyleNames as text
full-snapshot-candidate:273: set qualityStyleIsInUse to item qualityStyleOrdinal of qualityStyleInUseFlags
full-snapshot-candidate:274: set qualityStyleIsBuiltin to item qualityStyleOrdinal of qualityStyleBuiltinFlags
full-snapshot-candidate:275: set end of qualityLayout to {"style-state",qualityStyleCurrentName,qualityStyleIsInUse,qualityStyleIsBuiltin}
full-snapshot-candidate:276: if qualityStyleIsInUse or not qualityStyleIsBuiltin then
full-snapshot-candidate:272: set qualityStyleCurrentName to item qualityStyleOrdinal of qualityStyleNames as text
full-snapshot-candidate:273: set qualityStyleIsInUse to item qualityStyleOrdinal of qualityStyleInUseFlags
full-snapshot-candidate:274: set qualityStyleIsBuiltin to item qualityStyleOrdinal of qualityStyleBuiltinFlags
full-snapshot-candidate:275: set end of qualityLayout to {"style-state",qualityStyleCurrentName,qualityStyleIsInUse,qualityStyleIsBuiltin}
full-snapshot-candidate:276: if qualityStyleIsInUse or not qualityStyleIsBuiltin then
full-snapshot-candidate:272: set qualityStyleCurrentName to item qualityStyleOrdinal of qualityStyleNames as text
full-snapshot-candidate:273: set qualityStyleIsInUse to item qualityStyleOrdinal of qualityStyleInUseFlags
full-snapshot-candidate:274: set qualityStyleIsBuiltin to item qualityStyleOrdinal of qualityStyleBuiltinFlags
full-snapshot-candidate:275: set end of qualityLayout to {"style-state",qualityStyleCurrentName,qualityStyleIsInUse,qualityStyleIsBuiltin}
full-snapshot-candidate:276: if qualityStyleIsInUse or not qualityStyleIsBuiltin then
full-snapshot-candidate:272: set qualityStyleCurrentName to item qualityStyleOrdinal of qualityStyleNames as text
full-snapshot-candidate:273: set qualityStyleIsInUse to item qualityStyleOrdinal of qualityStyleInUseFlags
full-snapshot-candidate:274: set qualityStyleIsBuiltin to item qualityStyleOrdinal of qualityStyleBuiltinFlags
full-snapshot-candidate:275: set end of qualityLayout to {"style-state",qualityStyleCurrentName,qualityStyleIsInUse,qualityStyleIsBuiltin}
full-snapshot-candidate:276: if qualityStyleIsInUse or not qualityStyleIsBuiltin then
full-snapshot-candidate:272: set qualityStyleCurrentName to item qualityStyleOrdinal of qualityStyleNames as text
full-snapshot-candidate:273: set qualityStyleIsInUse to item qualityStyleOrdinal of qualityStyleInUseFlags
full-snapshot-candidate:274: set qualityStyleIsBuiltin to item qualityStyleOrdinal of qualityStyleBuiltinFlags
full-snapshot-candidate:275: set end of qualityLayout to {"style-state",qualityStyleCurrentName,qualityStyleIsInUse,qualityStyleIsBuiltin}
full-snapshot-candidate:276: if qualityStyleIsInUse or not qualityStyleIsBuiltin then
full-snapshot-candidate:272: set qualityStyleCurrentName to item qualityStyleOrdinal of qualityStyleNames as text
full-snapshot-candidate:273: set qualityStyleIsInUse to item qualityStyleOrdinal of qualityStyleInUseFlags
full-snapshot-candidate:274: set qualityStyleIsBuiltin to item qualityStyleOrdinal of qualityStyleBuiltinFlags
full-snapshot-candidate:275: set end of qualityLayout to {"style-state",qualityStyleCurrentName,qualityStyleIsInUse,qualityStyleIsBuiltin}
full-snapshot-candidate:276: if qualityStyleIsInUse or not qualityStyleIsBuiltin then
full-snapshot-candidate:272: set qualityStyleCurrentName to item qualityStyleOrdinal of qualityStyleNames as text
full-snapshot-candidate:273: set qualityStyleIsInUse to item qualityStyleOrdinal of qualityStyleInUseFlags
full-snapshot-candidate:274: set qualityStyleIsBuiltin to item qualityStyleOrdinal of qualityStyleBuiltinFlags
full-snapshot-candidate:275: set end of qualityLayout to {"style-state",qualityStyleCurrentName,qualityStyleIsInUse,qualityStyleIsBuiltin}
full-snapshot-candidate:276: if qualityStyleIsInUse or not qualityStyleIsBuiltin then
full-snapshot-candidate:277: set qstyle to Word style qualityStyleCurrentName of boundDoc
full-snapshot-candidate:278: if (name local of qstyle as text) is not qualityStyleCurrentName then error "WPSC_QUALITY_STYLE_IDENTITY_UNVERIFIED"
full-snapshot-candidate:279: set end of qualityLayout to {"style",name local of qstyle as text,description of qstyle as text,automatically update of qstyle}
full-snapshot-candidate:272: set qualityStyleCurrentName to item qualityStyleOrdinal of qualityStyleNames as text
full-snapshot-candidate:273: set qualityStyleIsInUse to item qualityStyleOrdinal of qualityStyleInUseFlags
full-snapshot-candidate:274: set qualityStyleIsBuiltin to item qualityStyleOrdinal of qualityStyleBuiltinFlags
full-snapshot-candidate:275: set end of qualityLayout to {"style-state",qualityStyleCurrentName,qualityStyleIsInUse,qualityStyleIsBuiltin}
full-snapshot-candidate:276: if qualityStyleIsInUse or not qualityStyleIsBuiltin then
full-snapshot-candidate:272: set qualityStyleCurrentName to item qualityStyleOrdinal of qualityStyleNames as text
full-snapshot-candidate:273: set qualityStyleIsInUse to item qualityStyleOrdinal of qualityStyleInUseFlags
full-snapshot-candidate:274: set qualityStyleIsBuiltin to item qualityStyleOrdinal of qualityStyleBuiltinFlags
full-snapshot-candidate:275: set end of qualityLayout to {"style-state",qualityStyleCurrentName,qualityStyleIsInUse,qualityStyleIsBuiltin}
full-snapshot-candidate:276: if qualityStyleIsInUse or not qualityStyleIsBuiltin then
full-snapshot-candidate:272: set qualityStyleCurrentName to item qualityStyleOrdinal of qualityStyleNames as text
full-snapshot-candidate:273: set qualityStyleIsInUse to item qualityStyleOrdinal of qualityStyleInUseFlags
full-snapshot-candidate:274: set qualityStyleIsBuiltin to item qualityStyleOrdinal of qualityStyleBuiltinFlags
full-snapshot-candidate:275: set end of qualityLayout to {"style-state",qualityStyleCurrentName,qualityStyleIsInUse,qualityStyleIsBuiltin}
full-snapshot-candidate:276: if qualityStyleIsInUse or not qualityStyleIsBuiltin then
full-snapshot-candidate:272: set qualityStyleCurrentName to item qualityStyleOrdinal of qualityStyleNames as text
full-snapshot-candidate:273: set qualityStyleIsInUse to item qualityStyleOrdinal of qualityStyleInUseFlags
full-snapshot-candidate:274: set qualityStyleIsBuiltin to item qualityStyleOrdinal of qualityStyleBuiltinFlags
full-snapshot-candidate:275: set end of qualityLayout to {"style-state",qualityStyleCurrentName,qualityStyleIsInUse,qualityStyleIsBuiltin}
full-snapshot-candidate:276: if qualityStyleIsInUse or not qualityStyleIsBuiltin then
full-snapshot-candidate:272: set qualityStyleCurrentName to item qualityStyleOrdinal of qualityStyleNames as text
full-snapshot-candidate:273: set qualityStyleIsInUse to item qualityStyleOrdinal of qualityStyleInUseFlags
full-snapshot-candidate:274: set qualityStyleIsBuiltin to item qualityStyleOrdinal of qualityStyleBuiltinFlags
full-snapshot-candidate:275: set end of qualityLayout to {"style-state",qualityStyleCurrentName,qualityStyleIsInUse,qualityStyleIsBuiltin}
full-snapshot-candidate:276: if qualityStyleIsInUse or not qualityStyleIsBuiltin then
full-snapshot-candidate:272: set qualityStyleCurrentName to item qualityStyleOrdinal of qualityStyleNames as text
full-snapshot-candidate:273: set qualityStyleIsInUse to item qualityStyleOrdinal of qualityStyleInUseFlags
full-snapshot-candidate:274: set qualityStyleIsBuiltin to item qualityStyleOrdinal of qualityStyleBuiltinFlags
full-snapshot-candidate:275: set end of qualityLayout to {"style-state",qualityStyleCurrentName,qualityStyleIsInUse,qualityStyleIsBuiltin}
full-snapshot-candidate:276: if qualityStyleIsInUse or not qualityStyleIsBuiltin then
full-snapshot-candidate:272: set qualityStyleCurrentName to item qualityStyleOrdinal of qualityStyleNames as text
full-snapshot-candidate:273: set qualityStyleIsInUse to item qualityStyleOrdinal of qualityStyleInUseFlags
full-snapshot-candidate:274: set qualityStyleIsBuiltin to item qualityStyleOrdinal of qualityStyleBuiltinFlags
full-snapshot-candidate:275: set end of qualityLayout to {"style-state",qualityStyleCurrentName,qualityStyleIsInUse,qualityStyleIsBuiltin}
full-snapshot-candidate:276: if qualityStyleIsInUse or not qualityStyleIsBuiltin then
full-snapshot-candidate:272: set qualityStyleCurrentName to item qualityStyleOrdinal of qualityStyleNames as text
full-snapshot-candidate:273: set qualityStyleIsInUse to item qualityStyleOrdinal of qualityStyleInUseFlags
full-snapshot-candidate:274: set qualityStyleIsBuiltin to item qualityStyleOrdinal of qualityStyleBuiltinFlags
full-snapshot-candidate:275: set end of qualityLayout to {"style-state",qualityStyleCurrentName,qualityStyleIsInUse,qualityStyleIsBuiltin}
full-snapshot-candidate:276: if qualityStyleIsInUse or not qualityStyleIsBuiltin then
full-snapshot-candidate:277: set qstyle to Word style qualityStyleCurrentName of boundDoc
full-snapshot-candidate:278: if (name local of qstyle as text) is not qualityStyleCurrentName then error "WPSC_QUALITY_STYLE_IDENTITY_UNVERIFIED"
full-snapshot-candidate:279: set end of qualityLayout to {"style",name local of qstyle as text,description of qstyle as text,automatically update of qstyle}
full-snapshot-candidate:272: set qualityStyleCurrentName to item qualityStyleOrdinal of qualityStyleNames as text
full-snapshot-candidate:273: set qualityStyleIsInUse to item qualityStyleOrdinal of qualityStyleInUseFlags
full-snapshot-candidate:274: set qualityStyleIsBuiltin to item qualityStyleOrdinal of qualityStyleBuiltinFlags
full-snapshot-candidate:275: set end of qualityLayout to {"style-state",qualityStyleCurrentName,qualityStyleIsInUse,qualityStyleIsBuiltin}
full-snapshot-candidate:276: if qualityStyleIsInUse or not qualityStyleIsBuiltin then
full-snapshot-candidate:272: set qualityStyleCurrentName to item qualityStyleOrdinal of qualityStyleNames as text
full-snapshot-candidate:273: set qualityStyleIsInUse to item qualityStyleOrdinal of qualityStyleInUseFlags
full-snapshot-candidate:274: set qualityStyleIsBuiltin to item qualityStyleOrdinal of qualityStyleBuiltinFlags
full-snapshot-candidate:275: set end of qualityLayout to {"style-state",qualityStyleCurrentName,qualityStyleIsInUse,qualityStyleIsBuiltin}
full-snapshot-candidate:276: if qualityStyleIsInUse or not qualityStyleIsBuiltin then
full-snapshot-candidate:277: set qstyle to Word style qualityStyleCurrentName of boundDoc
full-snapshot-candidate:278: if (name local of qstyle as text) is not qualityStyleCurrentName then error "WPSC_QUALITY_STYLE_IDENTITY_UNVERIFIED"
full-snapshot-candidate:279: set end of qualityLayout to {"style",name local of qstyle as text,description of qstyle as text,automatically update of qstyle}
full-snapshot-candidate:272: set qualityStyleCurrentName to item qualityStyleOrdinal of qualityStyleNames as text
full-snapshot-candidate:273: set qualityStyleIsInUse to item qualityStyleOrdinal of qualityStyleInUseFlags
full-snapshot-candidate:274: set qualityStyleIsBuiltin to item qualityStyleOrdinal of qualityStyleBuiltinFlags
full-snapshot-candidate:275: set end of qualityLayout to {"style-state",qualityStyleCurrentName,qualityStyleIsInUse,qualityStyleIsBuiltin}
full-snapshot-candidate:276: if qualityStyleIsInUse or not qualityStyleIsBuiltin then
full-snapshot-candidate:272: set qualityStyleCurrentName to item qualityStyleOrdinal of qualityStyleNames as text
full-snapshot-candidate:273: set qualityStyleIsInUse to item qualityStyleOrdinal of qualityStyleInUseFlags
full-snapshot-candidate:274: set qualityStyleIsBuiltin to item qualityStyleOrdinal of qualityStyleBuiltinFlags
full-snapshot-candidate:275: set end of qualityLayout to {"style-state",qualityStyleCurrentName,qualityStyleIsInUse,qualityStyleIsBuiltin}
full-snapshot-candidate:276: if qualityStyleIsInUse or not qualityStyleIsBuiltin then
full-snapshot-candidate:272: set qualityStyleCurrentName to item qualityStyleOrdinal of qualityStyleNames as text
full-snapshot-candidate:273: set qualityStyleIsInUse to item qualityStyleOrdinal of qualityStyleInUseFlags
full-snapshot-candidate:274: set qualityStyleIsBuiltin to item qualityStyleOrdinal of qualityStyleBuiltinFlags
full-snapshot-candidate:275: set end of qualityLayout to {"style-state",qualityStyleCurrentName,qualityStyleIsInUse,qualityStyleIsBuiltin}
full-snapshot-candidate:276: if qualityStyleIsInUse or not qualityStyleIsBuiltin then
full-snapshot-candidate:272: set qualityStyleCurrentName to item qualityStyleOrdinal of qualityStyleNames as text
full-snapshot-candidate:273: set qualityStyleIsInUse to item qualityStyleOrdinal of qualityStyleInUseFlags
full-snapshot-candidate:274: set qualityStyleIsBuiltin to item qualityStyleOrdinal of qualityStyleBuiltinFlags
full-snapshot-candidate:275: set end of qualityLayout to {"style-state",qualityStyleCurrentName,qualityStyleIsInUse,qualityStyleIsBuiltin}
full-snapshot-candidate:276: if qualityStyleIsInUse or not qualityStyleIsBuiltin then
full-snapshot-candidate:272: set qualityStyleCurrentName to item qualityStyleOrdinal of qualityStyleNames as text
full-snapshot-candidate:273: set qualityStyleIsInUse to item qualityStyleOrdinal of qualityStyleInUseFlags
full-snapshot-candidate:274: set qualityStyleIsBuiltin to item qualityStyleOrdinal of qualityStyleBuiltinFlags
full-snapshot-candidate:275: set end of qualityLayout to {"style-state",qualityStyleCurrentName,qualityStyleIsInUse,qualityStyleIsBuiltin}
full-snapshot-candidate:276: if qualityStyleIsInUse or not qualityStyleIsBuiltin then
full-snapshot-candidate:272: set qualityStyleCurrentName to item qualityStyleOrdinal of qualityStyleNames as text
full-snapshot-candidate:273: set qualityStyleIsInUse to item qualityStyleOrdinal of qualityStyleInUseFlags
full-snapshot-candidate:274: set qualityStyleIsBuiltin to item qualityStyleOrdinal of qualityStyleBuiltinFlags
full-snapshot-candidate:275: set end of qualityLayout to {"style-state",qualityStyleCurrentName,qualityStyleIsInUse,qualityStyleIsBuiltin}
full-snapshot-candidate:276: if qualityStyleIsInUse or not qualityStyleIsBuiltin then
full-snapshot-candidate:272: set qualityStyleCurrentName to item qualityStyleOrdinal of qualityStyleNames as text
full-snapshot-candidate:273: set qualityStyleIsInUse to item qualityStyleOrdinal of qualityStyleInUseFlags
full-snapshot-candidate:274: set qualityStyleIsBuiltin to item qualityStyleOrdinal of qualityStyleBuiltinFlags
full-snapshot-candidate:275: set end of qualityLayout to {"style-state",qualityStyleCurrentName,qualityStyleIsInUse,qualityStyleIsBuiltin}
full-snapshot-candidate:276: if qualityStyleIsInUse or not qualityStyleIsBuiltin then
full-snapshot-candidate:272: set qualityStyleCurrentName to item qualityStyleOrdinal of qualityStyleNames as text
full-snapshot-candidate:273: set qualityStyleIsInUse to item qualityStyleOrdinal of qualityStyleInUseFlags
full-snapshot-candidate:274: set qualityStyleIsBuiltin to item qualityStyleOrdinal of qualityStyleBuiltinFlags
full-snapshot-candidate:275: set end of qualityLayout to {"style-state",qualityStyleCurrentName,qualityStyleIsInUse,qualityStyleIsBuiltin}
full-snapshot-candidate:276: if qualityStyleIsInUse or not qualityStyleIsBuiltin then
full-snapshot-candidate:272: set qualityStyleCurrentName to item qualityStyleOrdinal of qualityStyleNames as text
full-snapshot-candidate:273: set qualityStyleIsInUse to item qualityStyleOrdinal of qualityStyleInUseFlags
full-snapshot-candidate:274: set qualityStyleIsBuiltin to item qualityStyleOrdinal of qualityStyleBuiltinFlags
full-snapshot-candidate:275: set end of qualityLayout to {"style-state",qualityStyleCurrentName,qualityStyleIsInUse,qualityStyleIsBuiltin}
full-snapshot-candidate:276: if qualityStyleIsInUse or not qualityStyleIsBuiltin then
full-snapshot-candidate:272: set qualityStyleCurrentName to item qualityStyleOrdinal of qualityStyleNames as text
full-snapshot-candidate:273: set qualityStyleIsInUse to item qualityStyleOrdinal of qualityStyleInUseFlags
full-snapshot-candidate:274: set qualityStyleIsBuiltin to item qualityStyleOrdinal of qualityStyleBuiltinFlags
full-snapshot-candidate:275: set end of qualityLayout to {"style-state",qualityStyleCurrentName,qualityStyleIsInUse,qualityStyleIsBuiltin}
full-snapshot-candidate:276: if qualityStyleIsInUse or not qualityStyleIsBuiltin then
full-snapshot-candidate:272: set qualityStyleCurrentName to item qualityStyleOrdinal of qualityStyleNames as text
full-snapshot-candidate:273: set qualityStyleIsInUse to item qualityStyleOrdinal of qualityStyleInUseFlags
full-snapshot-candidate:274: set qualityStyleIsBuiltin to item qualityStyleOrdinal of qualityStyleBuiltinFlags
full-snapshot-candidate:275: set end of qualityLayout to {"style-state",qualityStyleCurrentName,qualityStyleIsInUse,qualityStyleIsBuiltin}
full-snapshot-candidate:276: if qualityStyleIsInUse or not qualityStyleIsBuiltin then
full-snapshot-candidate:272: set qualityStyleCurrentName to item qualityStyleOrdinal of qualityStyleNames as text
full-snapshot-candidate:273: set qualityStyleIsInUse to item qualityStyleOrdinal of qualityStyleInUseFlags
full-snapshot-candidate:274: set qualityStyleIsBuiltin to item qualityStyleOrdinal of qualityStyleBuiltinFlags
full-snapshot-candidate:275: set end of qualityLayout to {"style-state",qualityStyleCurrentName,qualityStyleIsInUse,qualityStyleIsBuiltin}
full-snapshot-candidate:276: if qualityStyleIsInUse or not qualityStyleIsBuiltin then
full-snapshot-candidate:272: set qualityStyleCurrentName to item qualityStyleOrdinal of qualityStyleNames as text
full-snapshot-candidate:273: set qualityStyleIsInUse to item qualityStyleOrdinal of qualityStyleInUseFlags
full-snapshot-candidate:274: set qualityStyleIsBuiltin to item qualityStyleOrdinal of qualityStyleBuiltinFlags
full-snapshot-candidate:275: set end of qualityLayout to {"style-state",qualityStyleCurrentName,qualityStyleIsInUse,qualityStyleIsBuiltin}
full-snapshot-candidate:276: if qualityStyleIsInUse or not qualityStyleIsBuiltin then
full-snapshot-candidate:272: set qualityStyleCurrentName to item qualityStyleOrdinal of qualityStyleNames as text
full-snapshot-candidate:273: set qualityStyleIsInUse to item qualityStyleOrdinal of qualityStyleInUseFlags
full-snapshot-candidate:274: set qualityStyleIsBuiltin to item qualityStyleOrdinal of qualityStyleBuiltinFlags
full-snapshot-candidate:275: set end of qualityLayout to {"style-state",qualityStyleCurrentName,qualityStyleIsInUse,qualityStyleIsBuiltin}
full-snapshot-candidate:276: if qualityStyleIsInUse or not qualityStyleIsBuiltin then
full-snapshot-candidate:272: set qualityStyleCurrentName to item qualityStyleOrdinal of qualityStyleNames as text
full-snapshot-candidate:273: set qualityStyleIsInUse to item qualityStyleOrdinal of qualityStyleInUseFlags
full-snapshot-candidate:274: set qualityStyleIsBuiltin to item qualityStyleOrdinal of qualityStyleBuiltinFlags
full-snapshot-candidate:275: set end of qualityLayout to {"style-state",qualityStyleCurrentName,qualityStyleIsInUse,qualityStyleIsBuiltin}
full-snapshot-candidate:276: if qualityStyleIsInUse or not qualityStyleIsBuiltin then
full-snapshot-candidate:272: set qualityStyleCurrentName to item qualityStyleOrdinal of qualityStyleNames as text
full-snapshot-candidate:273: set qualityStyleIsInUse to item qualityStyleOrdinal of qualityStyleInUseFlags
full-snapshot-candidate:274: set qualityStyleIsBuiltin to item qualityStyleOrdinal of qualityStyleBuiltinFlags
full-snapshot-candidate:275: set end of qualityLayout to {"style-state",qualityStyleCurrentName,qualityStyleIsInUse,qualityStyleIsBuiltin}
full-snapshot-candidate:276: if qualityStyleIsInUse or not qualityStyleIsBuiltin then
full-snapshot-candidate:272: set qualityStyleCurrentName to item qualityStyleOrdinal of qualityStyleNames as text
full-snapshot-candidate:273: set qualityStyleIsInUse to item qualityStyleOrdinal of qualityStyleInUseFlags
full-snapshot-candidate:274: set qualityStyleIsBuiltin to item qualityStyleOrdinal of qualityStyleBuiltinFlags
full-snapshot-candidate:275: set end of qualityLayout to {"style-state",qualityStyleCurrentName,qualityStyleIsInUse,qualityStyleIsBuiltin}
full-snapshot-candidate:276: if qualityStyleIsInUse or not qualityStyleIsBuiltin then
full-snapshot-candidate:272: set qualityStyleCurrentName to item qualityStyleOrdinal of qualityStyleNames as text
full-snapshot-candidate:273: set qualityStyleIsInUse to item qualityStyleOrdinal of qualityStyleInUseFlags
full-snapshot-candidate:274: set qualityStyleIsBuiltin to item qualityStyleOrdinal of qualityStyleBuiltinFlags
full-snapshot-candidate:275: set end of qualityLayout to {"style-state",qualityStyleCurrentName,qualityStyleIsInUse,qualityStyleIsBuiltin}
full-snapshot-candidate:276: if qualityStyleIsInUse or not qualityStyleIsBuiltin then
full-snapshot-candidate:272: set qualityStyleCurrentName to item qualityStyleOrdinal of qualityStyleNames as text
full-snapshot-candidate:273: set qualityStyleIsInUse to item qualityStyleOrdinal of qualityStyleInUseFlags
full-snapshot-candidate:274: set qualityStyleIsBuiltin to item qualityStyleOrdinal of qualityStyleBuiltinFlags
full-snapshot-candidate:275: set end of qualityLayout to {"style-state",qualityStyleCurrentName,qualityStyleIsInUse,qualityStyleIsBuiltin}
full-snapshot-candidate:276: if qualityStyleIsInUse or not qualityStyleIsBuiltin then
full-snapshot-candidate:272: set qualityStyleCurrentName to item qualityStyleOrdinal of qualityStyleNames as text
full-snapshot-candidate:273: set qualityStyleIsInUse to item qualityStyleOrdinal of qualityStyleInUseFlags
full-snapshot-candidate:274: set qualityStyleIsBuiltin to item qualityStyleOrdinal of qualityStyleBuiltinFlags
full-snapshot-candidate:275: set end of qualityLayout to {"style-state",qualityStyleCurrentName,qualityStyleIsInUse,qualityStyleIsBuiltin}
full-snapshot-candidate:276: if qualityStyleIsInUse or not qualityStyleIsBuiltin then
full-snapshot-candidate:272: set qualityStyleCurrentName to item qualityStyleOrdinal of qualityStyleNames as text
full-snapshot-candidate:273: set qualityStyleIsInUse to item qualityStyleOrdinal of qualityStyleInUseFlags
full-snapshot-candidate:274: set qualityStyleIsBuiltin to item qualityStyleOrdinal of qualityStyleBuiltinFlags
full-snapshot-candidate:275: set end of qualityLayout to {"style-state",qualityStyleCurrentName,qualityStyleIsInUse,qualityStyleIsBuiltin}
full-snapshot-candidate:276: if qualityStyleIsInUse or not qualityStyleIsBuiltin then
full-snapshot-candidate:272: set qualityStyleCurrentName to item qualityStyleOrdinal of qualityStyleNames as text
full-snapshot-candidate:273: set qualityStyleIsInUse to item qualityStyleOrdinal of qualityStyleInUseFlags
full-snapshot-candidate:274: set qualityStyleIsBuiltin to item qualityStyleOrdinal of qualityStyleBuiltinFlags
full-snapshot-candidate:275: set end of qualityLayout to {"style-state",qualityStyleCurrentName,qualityStyleIsInUse,qualityStyleIsBuiltin}
full-snapshot-candidate:276: if qualityStyleIsInUse or not qualityStyleIsBuiltin then
full-snapshot-candidate:272: set qualityStyleCurrentName to item qualityStyleOrdinal of qualityStyleNames as text
full-snapshot-candidate:273: set qualityStyleIsInUse to item qualityStyleOrdinal of qualityStyleInUseFlags
full-snapshot-candidate:274: set qualityStyleIsBuiltin to item qualityStyleOrdinal of qualityStyleBuiltinFlags
full-snapshot-candidate:275: set end of qualityLayout to {"style-state",qualityStyleCurrentName,qualityStyleIsInUse,qualityStyleIsBuiltin}
full-snapshot-candidate:276: if qualityStyleIsInUse or not qualityStyleIsBuiltin then
full-snapshot-candidate:272: set qualityStyleCurrentName to item qualityStyleOrdinal of qualityStyleNames as text
full-snapshot-candidate:273: set qualityStyleIsInUse to item qualityStyleOrdinal of qualityStyleInUseFlags
full-snapshot-candidate:274: set qualityStyleIsBuiltin to item qualityStyleOrdinal of qualityStyleBuiltinFlags
full-snapshot-candidate:275: set end of qualityLayout to {"style-state",qualityStyleCurrentName,qualityStyleIsInUse,qualityStyleIsBuiltin}
full-snapshot-candidate:276: if qualityStyleIsInUse or not qualityStyleIsBuiltin then
full-snapshot-candidate:272: set qualityStyleCurrentName to item qualityStyleOrdinal of qualityStyleNames as text
full-snapshot-candidate:273: set qualityStyleIsInUse to item qualityStyleOrdinal of qualityStyleInUseFlags
full-snapshot-candidate:274: set qualityStyleIsBuiltin to item qualityStyleOrdinal of qualityStyleBuiltinFlags
full-snapshot-candidate:275: set end of qualityLayout to {"style-state",qualityStyleCurrentName,qualityStyleIsInUse,qualityStyleIsBuiltin}
full-snapshot-candidate:276: if qualityStyleIsInUse or not qualityStyleIsBuiltin then
full-snapshot-candidate:272: set qualityStyleCurrentName to item qualityStyleOrdinal of qualityStyleNames as text
full-snapshot-candidate:273: set qualityStyleIsInUse to item qualityStyleOrdinal of qualityStyleInUseFlags
full-snapshot-candidate:274: set qualityStyleIsBuiltin to item qualityStyleOrdinal of qualityStyleBuiltinFlags
full-snapshot-candidate:275: set end of qualityLayout to {"style-state",qualityStyleCurrentName,qualityStyleIsInUse,qualityStyleIsBuiltin}
full-snapshot-candidate:276: if qualityStyleIsInUse or not qualityStyleIsBuiltin then
full-snapshot-candidate:272: set qualityStyleCurrentName to item qualityStyleOrdinal of qualityStyleNames as text
full-snapshot-candidate:273: set qualityStyleIsInUse to item qualityStyleOrdinal of qualityStyleInUseFlags
full-snapshot-candidate:274: set qualityStyleIsBuiltin to item qualityStyleOrdinal of qualityStyleBuiltinFlags
full-snapshot-candidate:275: set end of qualityLayout to {"style-state",qualityStyleCurrentName,qualityStyleIsInUse,qualityStyleIsBuiltin}
full-snapshot-candidate:276: if qualityStyleIsInUse or not qualityStyleIsBuiltin then
full-snapshot-candidate:272: set qualityStyleCurrentName to item qualityStyleOrdinal of qualityStyleNames as text
full-snapshot-candidate:273: set qualityStyleIsInUse to item qualityStyleOrdinal of qualityStyleInUseFlags
full-snapshot-candidate:274: set qualityStyleIsBuiltin to item qualityStyleOrdinal of qualityStyleBuiltinFlags
full-snapshot-candidate:275: set end of qualityLayout to {"style-state",qualityStyleCurrentName,qualityStyleIsInUse,qualityStyleIsBuiltin}
full-snapshot-candidate:276: if qualityStyleIsInUse or not qualityStyleIsBuiltin then
full-snapshot-candidate:272: set qualityStyleCurrentName to item qualityStyleOrdinal of qualityStyleNames as text
full-snapshot-candidate:273: set qualityStyleIsInUse to item qualityStyleOrdinal of qualityStyleInUseFlags
full-snapshot-candidate:274: set qualityStyleIsBuiltin to item qualityStyleOrdinal of qualityStyleBuiltinFlags
full-snapshot-candidate:275: set end of qualityLayout to {"style-state",qualityStyleCurrentName,qualityStyleIsInUse,qualityStyleIsBuiltin}
full-snapshot-candidate:276: if qualityStyleIsInUse or not qualityStyleIsBuiltin then
full-snapshot-candidate:272: set qualityStyleCurrentName to item qualityStyleOrdinal of qualityStyleNames as text
full-snapshot-candidate:273: set qualityStyleIsInUse to item qualityStyleOrdinal of qualityStyleInUseFlags
full-snapshot-candidate:274: set qualityStyleIsBuiltin to item qualityStyleOrdinal of qualityStyleBuiltinFlags
full-snapshot-candidate:275: set end of qualityLayout to {"style-state",qualityStyleCurrentName,qualityStyleIsInUse,qualityStyleIsBuiltin}
full-snapshot-candidate:276: if qualityStyleIsInUse or not qualityStyleIsBuiltin then
full-snapshot-candidate:272: set qualityStyleCurrentName to item qualityStyleOrdinal of qualityStyleNames as text
full-snapshot-candidate:273: set qualityStyleIsInUse to item qualityStyleOrdinal of qualityStyleInUseFlags
full-snapshot-candidate:274: set qualityStyleIsBuiltin to item qualityStyleOrdinal of qualityStyleBuiltinFlags
full-snapshot-candidate:275: set end of qualityLayout to {"style-state",qualityStyleCurrentName,qualityStyleIsInUse,qualityStyleIsBuiltin}
full-snapshot-candidate:276: if qualityStyleIsInUse or not qualityStyleIsBuiltin then
full-snapshot-candidate:272: set qualityStyleCurrentName to item qualityStyleOrdinal of qualityStyleNames as text
full-snapshot-candidate:273: set qualityStyleIsInUse to item qualityStyleOrdinal of qualityStyleInUseFlags
full-snapshot-candidate:274: set qualityStyleIsBuiltin to item qualityStyleOrdinal of qualityStyleBuiltinFlags
full-snapshot-candidate:275: set end of qualityLayout to {"style-state",qualityStyleCurrentName,qualityStyleIsInUse,qualityStyleIsBuiltin}
full-snapshot-candidate:276: if qualityStyleIsInUse or not qualityStyleIsBuiltin then
full-snapshot-candidate:272: set qualityStyleCurrentName to item qualityStyleOrdinal of qualityStyleNames as text
full-snapshot-candidate:273: set qualityStyleIsInUse to item qualityStyleOrdinal of qualityStyleInUseFlags
full-snapshot-candidate:274: set qualityStyleIsBuiltin to item qualityStyleOrdinal of qualityStyleBuiltinFlags
full-snapshot-candidate:275: set end of qualityLayout to {"style-state",qualityStyleCurrentName,qualityStyleIsInUse,qualityStyleIsBuiltin}
full-snapshot-candidate:276: if qualityStyleIsInUse or not qualityStyleIsBuiltin then
full-snapshot-candidate:272: set qualityStyleCurrentName to item qualityStyleOrdinal of qualityStyleNames as text
full-snapshot-candidate:273: set qualityStyleIsInUse to item qualityStyleOrdinal of qualityStyleInUseFlags
full-snapshot-candidate:274: set qualityStyleIsBuiltin to item qualityStyleOrdinal of qualityStyleBuiltinFlags
full-snapshot-candidate:275: set end of qualityLayout to {"style-state",qualityStyleCurrentName,qualityStyleIsInUse,qualityStyleIsBuiltin}
full-snapshot-candidate:276: if qualityStyleIsInUse or not qualityStyleIsBuiltin then
full-snapshot-candidate:272: set qualityStyleCurrentName to item qualityStyleOrdinal of qualityStyleNames as text
full-snapshot-candidate:273: set qualityStyleIsInUse to item qualityStyleOrdinal of qualityStyleInUseFlags
full-snapshot-candidate:274: set qualityStyleIsBuiltin to item qualityStyleOrdinal of qualityStyleBuiltinFlags
full-snapshot-candidate:275: set end of qualityLayout to {"style-state",qualityStyleCurrentName,qualityStyleIsInUse,qualityStyleIsBuiltin}
full-snapshot-candidate:276: if qualityStyleIsInUse or not qualityStyleIsBuiltin then
full-snapshot-candidate:272: set qualityStyleCurrentName to item qualityStyleOrdinal of qualityStyleNames as text
full-snapshot-candidate:273: set qualityStyleIsInUse to item qualityStyleOrdinal of qualityStyleInUseFlags
full-snapshot-candidate:274: set qualityStyleIsBuiltin to item qualityStyleOrdinal of qualityStyleBuiltinFlags
full-snapshot-candidate:275: set end of qualityLayout to {"style-state",qualityStyleCurrentName,qualityStyleIsInUse,qualityStyleIsBuiltin}
full-snapshot-candidate:276: if qualityStyleIsInUse or not qualityStyleIsBuiltin then
full-snapshot-candidate:272: set qualityStyleCurrentName to item qualityStyleOrdinal of qualityStyleNames as text
full-snapshot-candidate:273: set qualityStyleIsInUse to item qualityStyleOrdinal of qualityStyleInUseFlags
full-snapshot-candidate:274: set qualityStyleIsBuiltin to item qualityStyleOrdinal of qualityStyleBuiltinFlags
full-snapshot-candidate:275: set end of qualityLayout to {"style-state",qualityStyleCurrentName,qualityStyleIsInUse,qualityStyleIsBuiltin}
full-snapshot-candidate:276: if qualityStyleIsInUse or not qualityStyleIsBuiltin then
full-snapshot-candidate:272: set qualityStyleCurrentName to item qualityStyleOrdinal of qualityStyleNames as text
full-snapshot-candidate:273: set qualityStyleIsInUse to item qualityStyleOrdinal of qualityStyleInUseFlags
full-snapshot-candidate:274: set qualityStyleIsBuiltin to item qualityStyleOrdinal of qualityStyleBuiltinFlags
full-snapshot-candidate:275: set end of qualityLayout to {"style-state",qualityStyleCurrentName,qualityStyleIsInUse,qualityStyleIsBuiltin}
full-snapshot-candidate:276: if qualityStyleIsInUse or not qualityStyleIsBuiltin then
full-snapshot-candidate:272: set qualityStyleCurrentName to item qualityStyleOrdinal of qualityStyleNames as text
full-snapshot-candidate:273: set qualityStyleIsInUse to item qualityStyleOrdinal of qualityStyleInUseFlags
full-snapshot-candidate:274: set qualityStyleIsBuiltin to item qualityStyleOrdinal of qualityStyleBuiltinFlags
full-snapshot-candidate:275: set end of qualityLayout to {"style-state",qualityStyleCurrentName,qualityStyleIsInUse,qualityStyleIsBuiltin}
full-snapshot-candidate:276: if qualityStyleIsInUse or not qualityStyleIsBuiltin then
full-snapshot-candidate:272: set qualityStyleCurrentName to item qualityStyleOrdinal of qualityStyleNames as text
full-snapshot-candidate:273: set qualityStyleIsInUse to item qualityStyleOrdinal of qualityStyleInUseFlags
full-snapshot-candidate:274: set qualityStyleIsBuiltin to item qualityStyleOrdinal of qualityStyleBuiltinFlags
full-snapshot-candidate:275: set end of qualityLayout to {"style-state",qualityStyleCurrentName,qualityStyleIsInUse,qualityStyleIsBuiltin}
full-snapshot-candidate:276: if qualityStyleIsInUse or not qualityStyleIsBuiltin then
full-snapshot-candidate:272: set qualityStyleCurrentName to item qualityStyleOrdinal of qualityStyleNames as text
full-snapshot-candidate:273: set qualityStyleIsInUse to item qualityStyleOrdinal of qualityStyleInUseFlags
full-snapshot-candidate:274: set qualityStyleIsBuiltin to item qualityStyleOrdinal of qualityStyleBuiltinFlags
full-snapshot-candidate:275: set end of qualityLayout to {"style-state",qualityStyleCurrentName,qualityStyleIsInUse,qualityStyleIsBuiltin}
full-snapshot-candidate:276: if qualityStyleIsInUse or not qualityStyleIsBuiltin then
full-snapshot-candidate:272: set qualityStyleCurrentName to item qualityStyleOrdinal of qualityStyleNames as text
full-snapshot-candidate:273: set qualityStyleIsInUse to item qualityStyleOrdinal of qualityStyleInUseFlags
full-snapshot-candidate:274: set qualityStyleIsBuiltin to item qualityStyleOrdinal of qualityStyleBuiltinFlags
full-snapshot-candidate:275: set end of qualityLayout to {"style-state",qualityStyleCurrentName,qualityStyleIsInUse,qualityStyleIsBuiltin}
full-snapshot-candidate:276: if qualityStyleIsInUse or not qualityStyleIsBuiltin then
full-snapshot-candidate:272: set qualityStyleCurrentName to item qualityStyleOrdinal of qualityStyleNames as text
full-snapshot-candidate:273: set qualityStyleIsInUse to item qualityStyleOrdinal of qualityStyleInUseFlags
full-snapshot-candidate:274: set qualityStyleIsBuiltin to item qualityStyleOrdinal of qualityStyleBuiltinFlags
full-snapshot-candidate:275: set end of qualityLayout to {"style-state",qualityStyleCurrentName,qualityStyleIsInUse,qualityStyleIsBuiltin}
full-snapshot-candidate:276: if qualityStyleIsInUse or not qualityStyleIsBuiltin then
full-snapshot-candidate:272: set qualityStyleCurrentName to item qualityStyleOrdinal of qualityStyleNames as text
full-snapshot-candidate:273: set qualityStyleIsInUse to item qualityStyleOrdinal of qualityStyleInUseFlags
full-snapshot-candidate:274: set qualityStyleIsBuiltin to item qualityStyleOrdinal of qualityStyleBuiltinFlags
full-snapshot-candidate:275: set end of qualityLayout to {"style-state",qualityStyleCurrentName,qualityStyleIsInUse,qualityStyleIsBuiltin}
full-snapshot-candidate:276: if qualityStyleIsInUse or not qualityStyleIsBuiltin then
full-snapshot-candidate:272: set qualityStyleCurrentName to item qualityStyleOrdinal of qualityStyleNames as text
full-snapshot-candidate:273: set qualityStyleIsInUse to item qualityStyleOrdinal of qualityStyleInUseFlags
full-snapshot-candidate:274: set qualityStyleIsBuiltin to item qualityStyleOrdinal of qualityStyleBuiltinFlags
full-snapshot-candidate:275: set end of qualityLayout to {"style-state",qualityStyleCurrentName,qualityStyleIsInUse,qualityStyleIsBuiltin}
full-snapshot-candidate:276: if qualityStyleIsInUse or not qualityStyleIsBuiltin then
full-snapshot-candidate:272: set qualityStyleCurrentName to item qualityStyleOrdinal of qualityStyleNames as text
full-snapshot-candidate:273: set qualityStyleIsInUse to item qualityStyleOrdinal of qualityStyleInUseFlags
full-snapshot-candidate:274: set qualityStyleIsBuiltin to item qualityStyleOrdinal of qualityStyleBuiltinFlags
full-snapshot-candidate:275: set end of qualityLayout to {"style-state",qualityStyleCurrentName,qualityStyleIsInUse,qualityStyleIsBuiltin}
full-snapshot-candidate:276: if qualityStyleIsInUse or not qualityStyleIsBuiltin then
full-snapshot-candidate:272: set qualityStyleCurrentName to item qualityStyleOrdinal of qualityStyleNames as text
full-snapshot-candidate:273: set qualityStyleIsInUse to item qualityStyleOrdinal of qualityStyleInUseFlags
full-snapshot-candidate:274: set qualityStyleIsBuiltin to item qualityStyleOrdinal of qualityStyleBuiltinFlags
full-snapshot-candidate:275: set end of qualityLayout to {"style-state",qualityStyleCurrentName,qualityStyleIsInUse,qualityStyleIsBuiltin}
full-snapshot-candidate:276: if qualityStyleIsInUse or not qualityStyleIsBuiltin then
full-snapshot-candidate:272: set qualityStyleCurrentName to item qualityStyleOrdinal of qualityStyleNames as text
full-snapshot-candidate:273: set qualityStyleIsInUse to item qualityStyleOrdinal of qualityStyleInUseFlags
full-snapshot-candidate:274: set qualityStyleIsBuiltin to item qualityStyleOrdinal of qualityStyleBuiltinFlags
full-snapshot-candidate:275: set end of qualityLayout to {"style-state",qualityStyleCurrentName,qualityStyleIsInUse,qualityStyleIsBuiltin}
full-snapshot-candidate:276: if qualityStyleIsInUse or not qualityStyleIsBuiltin then
full-snapshot-candidate:272: set qualityStyleCurrentName to item qualityStyleOrdinal of qualityStyleNames as text
full-snapshot-candidate:273: set qualityStyleIsInUse to item qualityStyleOrdinal of qualityStyleInUseFlags
full-snapshot-candidate:274: set qualityStyleIsBuiltin to item qualityStyleOrdinal of qualityStyleBuiltinFlags
full-snapshot-candidate:275: set end of qualityLayout to {"style-state",qualityStyleCurrentName,qualityStyleIsInUse,qualityStyleIsBuiltin}
full-snapshot-candidate:276: if qualityStyleIsInUse or not qualityStyleIsBuiltin then
full-snapshot-candidate:272: set qualityStyleCurrentName to item qualityStyleOrdinal of qualityStyleNames as text
full-snapshot-candidate:273: set qualityStyleIsInUse to item qualityStyleOrdinal of qualityStyleInUseFlags
full-snapshot-candidate:274: set qualityStyleIsBuiltin to item qualityStyleOrdinal of qualityStyleBuiltinFlags
full-snapshot-candidate:275: set end of qualityLayout to {"style-state",qualityStyleCurrentName,qualityStyleIsInUse,qualityStyleIsBuiltin}
full-snapshot-candidate:276: if qualityStyleIsInUse or not qualityStyleIsBuiltin then
full-snapshot-candidate:272: set qualityStyleCurrentName to item qualityStyleOrdinal of qualityStyleNames as text
full-snapshot-candidate:273: set qualityStyleIsInUse to item qualityStyleOrdinal of qualityStyleInUseFlags
full-snapshot-candidate:274: set qualityStyleIsBuiltin to item qualityStyleOrdinal of qualityStyleBuiltinFlags
full-snapshot-candidate:275: set end of qualityLayout to {"style-state",qualityStyleCurrentName,qualityStyleIsInUse,qualityStyleIsBuiltin}
full-snapshot-candidate:276: if qualityStyleIsInUse or not qualityStyleIsBuiltin then
full-snapshot-candidate:272: set qualityStyleCurrentName to item qualityStyleOrdinal of qualityStyleNames as text
full-snapshot-candidate:273: set qualityStyleIsInUse to item qualityStyleOrdinal of qualityStyleInUseFlags
full-snapshot-candidate:274: set qualityStyleIsBuiltin to item qualityStyleOrdinal of qualityStyleBuiltinFlags
full-snapshot-candidate:275: set end of qualityLayout to {"style-state",qualityStyleCurrentName,qualityStyleIsInUse,qualityStyleIsBuiltin}
full-snapshot-candidate:276: if qualityStyleIsInUse or not qualityStyleIsBuiltin then
full-snapshot-candidate:272: set qualityStyleCurrentName to item qualityStyleOrdinal of qualityStyleNames as text
full-snapshot-candidate:273: set qualityStyleIsInUse to item qualityStyleOrdinal of qualityStyleInUseFlags
full-snapshot-candidate:274: set qualityStyleIsBuiltin to item qualityStyleOrdinal of qualityStyleBuiltinFlags
full-snapshot-candidate:275: set end of qualityLayout to {"style-state",qualityStyleCurrentName,qualityStyleIsInUse,qualityStyleIsBuiltin}
full-snapshot-candidate:276: if qualityStyleIsInUse or not qualityStyleIsBuiltin then
full-snapshot-candidate:272: set qualityStyleCurrentName to item qualityStyleOrdinal of qualityStyleNames as text
full-snapshot-candidate:273: set qualityStyleIsInUse to item qualityStyleOrdinal of qualityStyleInUseFlags
full-snapshot-candidate:274: set qualityStyleIsBuiltin to item qualityStyleOrdinal of qualityStyleBuiltinFlags
full-snapshot-candidate:275: set end of qualityLayout to {"style-state",qualityStyleCurrentName,qualityStyleIsInUse,qualityStyleIsBuiltin}
full-snapshot-candidate:276: if qualityStyleIsInUse or not qualityStyleIsBuiltin then
full-snapshot-candidate:272: set qualityStyleCurrentName to item qualityStyleOrdinal of qualityStyleNames as text
full-snapshot-candidate:273: set qualityStyleIsInUse to item qualityStyleOrdinal of qualityStyleInUseFlags
full-snapshot-candidate:274: set qualityStyleIsBuiltin to item qualityStyleOrdinal of qualityStyleBuiltinFlags
full-snapshot-candidate:275: set end of qualityLayout to {"style-state",qualityStyleCurrentName,qualityStyleIsInUse,qualityStyleIsBuiltin}
full-snapshot-candidate:276: if qualityStyleIsInUse or not qualityStyleIsBuiltin then
full-snapshot-candidate:272: set qualityStyleCurrentName to item qualityStyleOrdinal of qualityStyleNames as text
full-snapshot-candidate:273: set qualityStyleIsInUse to item qualityStyleOrdinal of qualityStyleInUseFlags
full-snapshot-candidate:274: set qualityStyleIsBuiltin to item qualityStyleOrdinal of qualityStyleBuiltinFlags
full-snapshot-candidate:275: set end of qualityLayout to {"style-state",qualityStyleCurrentName,qualityStyleIsInUse,qualityStyleIsBuiltin}
full-snapshot-candidate:276: if qualityStyleIsInUse or not qualityStyleIsBuiltin then
full-snapshot-candidate:272: set qualityStyleCurrentName to item qualityStyleOrdinal of qualityStyleNames as text
full-snapshot-candidate:273: set qualityStyleIsInUse to item qualityStyleOrdinal of qualityStyleInUseFlags
full-snapshot-candidate:274: set qualityStyleIsBuiltin to item qualityStyleOrdinal of qualityStyleBuiltinFlags
full-snapshot-candidate:275: set end of qualityLayout to {"style-state",qualityStyleCurrentName,qualityStyleIsInUse,qualityStyleIsBuiltin}
full-snapshot-candidate:276: if qualityStyleIsInUse or not qualityStyleIsBuiltin then
full-snapshot-candidate:272: set qualityStyleCurrentName to item qualityStyleOrdinal of qualityStyleNames as text
full-snapshot-candidate:273: set qualityStyleIsInUse to item qualityStyleOrdinal of qualityStyleInUseFlags
full-snapshot-candidate:274: set qualityStyleIsBuiltin to item qualityStyleOrdinal of qualityStyleBuiltinFlags
full-snapshot-candidate:275: set end of qualityLayout to {"style-state",qualityStyleCurrentName,qualityStyleIsInUse,qualityStyleIsBuiltin}
full-snapshot-candidate:276: if qualityStyleIsInUse or not qualityStyleIsBuiltin then
full-snapshot-candidate:272: set qualityStyleCurrentName to item qualityStyleOrdinal of qualityStyleNames as text
full-snapshot-candidate:273: set qualityStyleIsInUse to item qualityStyleOrdinal of qualityStyleInUseFlags
full-snapshot-candidate:274: set qualityStyleIsBuiltin to item qualityStyleOrdinal of qualityStyleBuiltinFlags
full-snapshot-candidate:275: set end of qualityLayout to {"style-state",qualityStyleCurrentName,qualityStyleIsInUse,qualityStyleIsBuiltin}
full-snapshot-candidate:276: if qualityStyleIsInUse or not qualityStyleIsBuiltin then
full-snapshot-candidate:272: set qualityStyleCurrentName to item qualityStyleOrdinal of qualityStyleNames as text
full-snapshot-candidate:273: set qualityStyleIsInUse to item qualityStyleOrdinal of qualityStyleInUseFlags
full-snapshot-candidate:274: set qualityStyleIsBuiltin to item qualityStyleOrdinal of qualityStyleBuiltinFlags
full-snapshot-candidate:275: set end of qualityLayout to {"style-state",qualityStyleCurrentName,qualityStyleIsInUse,qualityStyleIsBuiltin}
full-snapshot-candidate:276: if qualityStyleIsInUse or not qualityStyleIsBuiltin then
full-snapshot-candidate:272: set qualityStyleCurrentName to item qualityStyleOrdinal of qualityStyleNames as text
full-snapshot-candidate:273: set qualityStyleIsInUse to item qualityStyleOrdinal of qualityStyleInUseFlags
full-snapshot-candidate:274: set qualityStyleIsBuiltin to item qualityStyleOrdinal of qualityStyleBuiltinFlags
full-snapshot-candidate:275: set end of qualityLayout to {"style-state",qualityStyleCurrentName,qualityStyleIsInUse,qualityStyleIsBuiltin}
full-snapshot-candidate:276: if qualityStyleIsInUse or not qualityStyleIsBuiltin then
full-snapshot-candidate:272: set qualityStyleCurrentName to item qualityStyleOrdinal of qualityStyleNames as text
full-snapshot-candidate:273: set qualityStyleIsInUse to item qualityStyleOrdinal of qualityStyleInUseFlags
full-snapshot-candidate:274: set qualityStyleIsBuiltin to item qualityStyleOrdinal of qualityStyleBuiltinFlags
full-snapshot-candidate:275: set end of qualityLayout to {"style-state",qualityStyleCurrentName,qualityStyleIsInUse,qualityStyleIsBuiltin}
full-snapshot-candidate:276: if qualityStyleIsInUse or not qualityStyleIsBuiltin then
full-snapshot-candidate:282: if (get name local of every Word style of boundDoc) is not qualityStyleNames then error "WPSC_QUALITY_STYLE_IDENTITY_UNVERIFIED"
full-snapshot-candidate:283: set recoveryTask to current application's NSTask's alloc()'s init()
full-snapshot-candidate:284: recoveryTask's setLaunchPath:"/usr/bin/shasum"
full-snapshot-candidate:285: recoveryTask's setArguments:{"-a", "256"}
full-snapshot-candidate:286: set recoveryInput to current application's NSPipe's pipe()
full-snapshot-candidate:287: set recoveryOutput to current application's NSPipe's pipe()
full-snapshot-candidate:288: recoveryTask's setStandardInput:recoveryInput
full-snapshot-candidate:289: recoveryTask's setStandardOutput:recoveryOutput
full-snapshot-candidate:290: recoveryTask's setStandardError:(current application's NSFileHandle's fileHandleWithNullDevice())
full-snapshot-candidate:291: set recoveryData to (current application's NSString's stringWithString:(my jsonRows(qualityLayout)))'s dataUsingEncoding:4
full-snapshot-candidate:292: recoveryTask's |launch|()
full-snapshot-candidate:293: (recoveryInput's fileHandleForWriting())'s writeData:recoveryData
full-snapshot-candidate:294: (recoveryInput's fileHandleForWriting())'s closeFile()
full-snapshot-candidate:295: set recoveryDigestData to (recoveryOutput's fileHandleForReading())'s readDataToEndOfFile()
full-snapshot-candidate:296: recoveryTask's waitUntilExit()
full-snapshot-candidate:297: if (recoveryTask's terminationStatus() as integer) is not 0 then error "WPSC_CHECKPOINT_HASH_FAILED"
full-snapshot-candidate:298: set recoveryDigestText to (current application's NSString's alloc()'s initWithData:recoveryDigestData |encoding|:4) as text
full-snapshot-candidate:299: if (length of recoveryDigestText) is not 68 then error "WPSC_CHECKPOINT_HASH_FAILED"
full-snapshot-candidate:300: if text 65 thru 68 of recoveryDigestText is not "  -" & linefeed then error "WPSC_CHECKPOINT_HASH_FAILED"
full-snapshot-candidate:301: set qualityLayoutHash to text 1 thru 64 of recoveryDigestText
full-snapshot-candidate:302: set end of qualityState to {"layout",qualityLayoutHash}
full-snapshot-candidate:303: repeat with qi from 1 to count paragraphs of boundDoc
full-snapshot-candidate:304: set qr to text object of paragraph qi of boundDoc
full-snapshot-candidate:305: set qa to start of content of qr
full-snapshot-candidate:306: set qz to end of content of qr
full-snapshot-candidate:307: if qualityDelta is 0 or qa < qualityPoint or qz > qualityPoint + qualityDelta then
full-snapshot-candidate:308: if qualityDelta > 0 and qa >= qualityPoint and qa < qualityPoint + qualityDelta and qz > qualityPoint + qualityDelta then
full-snapshot-candidate:312: set recoveryTask to current application's NSTask's alloc()'s init()
full-snapshot-candidate:313: recoveryTask's setLaunchPath:"/usr/bin/shasum"
full-snapshot-candidate:314: recoveryTask's setArguments:{"-a", "256"}
full-snapshot-candidate:315: set recoveryInput to current application's NSPipe's pipe()
full-snapshot-candidate:316: set recoveryOutput to current application's NSPipe's pipe()
full-snapshot-candidate:317: recoveryTask's setStandardInput:recoveryInput
full-snapshot-candidate:318: recoveryTask's setStandardOutput:recoveryOutput
full-snapshot-candidate:319: recoveryTask's setStandardError:(current application's NSFileHandle's fileHandleWithNullDevice())
full-snapshot-candidate:320: set recoveryData to (current application's NSString's stringWithString:(content of qr as text))'s dataUsingEncoding:4
full-snapshot-candidate:321: recoveryTask's |launch|()
full-snapshot-candidate:322: (recoveryInput's fileHandleForWriting())'s writeData:recoveryData
full-snapshot-candidate:323: (recoveryInput's fileHandleForWriting())'s closeFile()
full-snapshot-candidate:324: set recoveryDigestData to (recoveryOutput's fileHandleForReading())'s readDataToEndOfFile()
full-snapshot-candidate:325: recoveryTask's waitUntilExit()
full-snapshot-candidate:326: if (recoveryTask's terminationStatus() as integer) is not 0 then error "WPSC_CHECKPOINT_HASH_FAILED"
full-snapshot-candidate:327: set recoveryDigestText to (current application's NSString's alloc()'s initWithData:recoveryDigestData |encoding|:4) as text
full-snapshot-candidate:328: if (length of recoveryDigestText) is not 68 then error "WPSC_CHECKPOINT_HASH_FAILED"
full-snapshot-candidate:329: if text 65 thru 68 of recoveryDigestText is not "  -" & linefeed then error "WPSC_CHECKPOINT_HASH_FAILED"
full-snapshot-candidate:330: set qualityTextHash to text 1 thru 64 of recoveryDigestText
full-snapshot-candidate:331: set qpf to paragraph format of qr
full-snapshot-candidate:332: set qualityFormats to {{name local of style of qr as text,first line indent of qpf,paragraph format left indent of qpf,paragraph format righ
full-snapshot-candidate:333: repeat with qc from qa to qz - 1
full-snapshot-candidate:334: set qcr to create range boundDoc start qc end (qc + 1)
full-snapshot-candidate:335: set qcf to font object of qcr
full-snapshot-candidate:336: set end of qualityFormats to {name of qcf as text,font size of qcf,bold of qcf,italic of qcf,underline of qcf as text,color of qcf,backgroun
full-snapshot-candidate:334: set qcr to create range boundDoc start qc end (qc + 1)
full-snapshot-candidate:335: set qcf to font object of qcr
full-snapshot-candidate:336: set end of qualityFormats to {name of qcf as text,font size of qcf,bold of qcf,italic of qcf,underline of qcf as text,color of qcf,backgroun
full-snapshot-candidate:334: set qcr to create range boundDoc start qc end (qc + 1)
full-snapshot-candidate:335: set qcf to font object of qcr
full-snapshot-candidate:336: set end of qualityFormats to {name of qcf as text,font size of qcf,bold of qcf,italic of qcf,underline of qcf as text,color of qcf,backgroun
full-snapshot-candidate:334: set qcr to create range boundDoc start qc end (qc + 1)
full-snapshot-candidate:335: set qcf to font object of qcr
full-snapshot-candidate:336: set end of qualityFormats to {name of qcf as text,font size of qcf,bold of qcf,italic of qcf,underline of qcf as text,color of qcf,backgroun
full-snapshot-candidate:334: set qcr to create range boundDoc start qc end (qc + 1)
full-snapshot-candidate:335: set qcf to font object of qcr
full-snapshot-candidate:336: set end of qualityFormats to {name of qcf as text,font size of qcf,bold of qcf,italic of qcf,underline of qcf as text,color of qcf,backgroun
full-snapshot-candidate:334: set qcr to create range boundDoc start qc end (qc + 1)
full-snapshot-candidate:335: set qcf to font object of qcr
full-snapshot-candidate:336: set end of qualityFormats to {name of qcf as text,font size of qcf,bold of qcf,italic of qcf,underline of qcf as text,color of qcf,backgroun
full-snapshot-candidate:334: set qcr to create range boundDoc start qc end (qc + 1)
full-snapshot-candidate:335: set qcf to font object of qcr
full-snapshot-candidate:336: set end of qualityFormats to {name of qcf as text,font size of qcf,bold of qcf,italic of qcf,underline of qcf as text,color of qcf,backgroun
full-snapshot-candidate:334: set qcr to create range boundDoc start qc end (qc + 1)
full-snapshot-candidate:335: set qcf to font object of qcr
full-snapshot-candidate:336: set end of qualityFormats to {name of qcf as text,font size of qcf,bold of qcf,italic of qcf,underline of qcf as text,color of qcf,backgroun
full-snapshot-candidate:334: set qcr to create range boundDoc start qc end (qc + 1)
full-snapshot-candidate:335: set qcf to font object of qcr
full-snapshot-candidate:336: set end of qualityFormats to {name of qcf as text,font size of qcf,bold of qcf,italic of qcf,underline of qcf as text,color of qcf,backgroun
full-snapshot-candidate:334: set qcr to create range boundDoc start qc end (qc + 1)
full-snapshot-candidate:335: set qcf to font object of qcr
full-snapshot-candidate:336: set end of qualityFormats to {name of qcf as text,font size of qcf,bold of qcf,italic of qcf,underline of qcf as text,color of qcf,backgroun
full-snapshot-candidate:334: set qcr to create range boundDoc start qc end (qc + 1)
full-snapshot-candidate:335: set qcf to font object of qcr
full-snapshot-candidate:336: set end of qualityFormats to {name of qcf as text,font size of qcf,bold of qcf,italic of qcf,underline of qcf as text,color of qcf,backgroun
full-snapshot-candidate:334: set qcr to create range boundDoc start qc end (qc + 1)
full-snapshot-candidate:335: set qcf to font object of qcr
full-snapshot-candidate:336: set end of qualityFormats to {name of qcf as text,font size of qcf,bold of qcf,italic of qcf,underline of qcf as text,color of qcf,backgroun
full-snapshot-candidate:338: set recoveryTask to current application's NSTask's alloc()'s init()
full-snapshot-candidate:339: recoveryTask's setLaunchPath:"/usr/bin/shasum"
full-snapshot-candidate:340: recoveryTask's setArguments:{"-a", "256"}
full-snapshot-candidate:341: set recoveryInput to current application's NSPipe's pipe()
full-snapshot-candidate:342: set recoveryOutput to current application's NSPipe's pipe()
full-snapshot-candidate:343: recoveryTask's setStandardInput:recoveryInput
full-snapshot-candidate:344: recoveryTask's setStandardOutput:recoveryOutput
full-snapshot-candidate:345: recoveryTask's setStandardError:(current application's NSFileHandle's fileHandleWithNullDevice())
full-snapshot-candidate:346: set recoveryData to (current application's NSString's stringWithString:(my jsonRows(qualityFormats)))'s dataUsingEncoding:4
full-snapshot-candidate:347: recoveryTask's |launch|()
full-snapshot-candidate:348: (recoveryInput's fileHandleForWriting())'s writeData:recoveryData
full-snapshot-candidate:349: (recoveryInput's fileHandleForWriting())'s closeFile()
full-snapshot-candidate:350: set recoveryDigestData to (recoveryOutput's fileHandleForReading())'s readDataToEndOfFile()
full-snapshot-candidate:351: recoveryTask's waitUntilExit()
full-snapshot-candidate:352: if (recoveryTask's terminationStatus() as integer) is not 0 then error "WPSC_CHECKPOINT_HASH_FAILED"
full-snapshot-candidate:353: set recoveryDigestText to (current application's NSString's alloc()'s initWithData:recoveryDigestData |encoding|:4) as text
full-snapshot-candidate:354: if (length of recoveryDigestText) is not 68 then error "WPSC_CHECKPOINT_HASH_FAILED"
full-snapshot-candidate:355: if text 65 thru 68 of recoveryDigestText is not "  -" & linefeed then error "WPSC_CHECKPOINT_HASH_FAILED"
full-snapshot-candidate:356: set qualityFormatHash to text 1 thru 64 of recoveryDigestText
full-snapshot-candidate:357: if qa >= qualityPoint + qualityDelta then set qa to qa - qualityDelta
full-snapshot-candidate:358: if qz > qualityPoint + qualityDelta then set qz to qz - qualityDelta
full-snapshot-candidate:359: set end of qualityState to {"paragraph",qa,qz,qualityTextHash,qualityFormatHash}
full-snapshot-candidate:304: set qr to text object of paragraph qi of boundDoc
full-snapshot-candidate:305: set qa to start of content of qr
full-snapshot-candidate:306: set qz to end of content of qr
full-snapshot-candidate:307: if qualityDelta is 0 or qa < qualityPoint or qz > qualityPoint + qualityDelta then
full-snapshot-candidate:308: if qualityDelta > 0 and qa >= qualityPoint and qa < qualityPoint + qualityDelta and qz > qualityPoint + qualityDelta then
full-snapshot-candidate:312: set recoveryTask to current application's NSTask's alloc()'s init()
full-snapshot-candidate:313: recoveryTask's setLaunchPath:"/usr/bin/shasum"
full-snapshot-candidate:314: recoveryTask's setArguments:{"-a", "256"}
full-snapshot-candidate:315: set recoveryInput to current application's NSPipe's pipe()
full-snapshot-candidate:316: set recoveryOutput to current application's NSPipe's pipe()
full-snapshot-candidate:317: recoveryTask's setStandardInput:recoveryInput
full-snapshot-candidate:318: recoveryTask's setStandardOutput:recoveryOutput
full-snapshot-candidate:319: recoveryTask's setStandardError:(current application's NSFileHandle's fileHandleWithNullDevice())
full-snapshot-candidate:320: set recoveryData to (current application's NSString's stringWithString:(content of qr as text))'s dataUsingEncoding:4
full-snapshot-candidate:321: recoveryTask's |launch|()
full-snapshot-candidate:322: (recoveryInput's fileHandleForWriting())'s writeData:recoveryData
full-snapshot-candidate:323: (recoveryInput's fileHandleForWriting())'s closeFile()
full-snapshot-candidate:324: set recoveryDigestData to (recoveryOutput's fileHandleForReading())'s readDataToEndOfFile()
full-snapshot-candidate:325: recoveryTask's waitUntilExit()
full-snapshot-candidate:326: if (recoveryTask's terminationStatus() as integer) is not 0 then error "WPSC_CHECKPOINT_HASH_FAILED"
full-snapshot-candidate:327: set recoveryDigestText to (current application's NSString's alloc()'s initWithData:recoveryDigestData |encoding|:4) as text
full-snapshot-candidate:328: if (length of recoveryDigestText) is not 68 then error "WPSC_CHECKPOINT_HASH_FAILED"
full-snapshot-candidate:329: if text 65 thru 68 of recoveryDigestText is not "  -" & linefeed then error "WPSC_CHECKPOINT_HASH_FAILED"
full-snapshot-candidate:330: set qualityTextHash to text 1 thru 64 of recoveryDigestText
full-snapshot-candidate:331: set qpf to paragraph format of qr
full-snapshot-candidate:332: set qualityFormats to {{name local of style of qr as text,first line indent of qpf,paragraph format left indent of qpf,paragraph format righ
full-snapshot-candidate:333: repeat with qc from qa to qz - 1
full-snapshot-candidate:334: set qcr to create range boundDoc start qc end (qc + 1)
full-snapshot-candidate:335: set qcf to font object of qcr
full-snapshot-candidate:336: set end of qualityFormats to {name of qcf as text,font size of qcf,bold of qcf,italic of qcf,underline of qcf as text,color of qcf,backgroun
full-snapshot-candidate:334: set qcr to create range boundDoc start qc end (qc + 1)
full-snapshot-candidate:335: set qcf to font object of qcr
full-snapshot-candidate:336: set end of qualityFormats to {name of qcf as text,font size of qcf,bold of qcf,italic of qcf,underline of qcf as text,color of qcf,backgroun
full-snapshot-candidate:334: set qcr to create range boundDoc start qc end (qc + 1)
full-snapshot-candidate:335: set qcf to font object of qcr
full-snapshot-candidate:336: set end of qualityFormats to {name of qcf as text,font size of qcf,bold of qcf,italic of qcf,underline of qcf as text,color of qcf,backgroun
full-snapshot-candidate:334: set qcr to create range boundDoc start qc end (qc + 1)
full-snapshot-candidate:335: set qcf to font object of qcr
full-snapshot-candidate:336: set end of qualityFormats to {name of qcf as text,font size of qcf,bold of qcf,italic of qcf,underline of qcf as text,color of qcf,backgroun
full-snapshot-candidate:334: set qcr to create range boundDoc start qc end (qc + 1)
full-snapshot-candidate:335: set qcf to font object of qcr
full-snapshot-candidate:336: set end of qualityFormats to {name of qcf as text,font size of qcf,bold of qcf,italic of qcf,underline of qcf as text,color of qcf,backgroun
full-snapshot-candidate:334: set qcr to create range boundDoc start qc end (qc + 1)
full-snapshot-candidate:335: set qcf to font object of qcr
full-snapshot-candidate:336: set end of qualityFormats to {name of qcf as text,font size of qcf,bold of qcf,italic of qcf,underline of qcf as text,color of qcf,backgroun
